1,wlawford0,joliver0@apple.com,uZ1efcrLLqxx./_
2,ltreasaden1,btoupe1@wikipedia.org,xK0~LSg7pM
3,cgiotto2,cbanister2@xrea.com,vQ3%QQB}>
4,cpatkin3,pfranke3@loc.gov,pG9jM<V+kQ
5,ccoverley4,zcathery4@java.com,pN2<b(Z&`|zQ@e`o
6,ddeblasio5,nanster5@wired.com,oH9)fB%F(31
7,cscolding6,drabb6@patch.com,"mL4sPtI<,c6{y"
8,kpalfrey7,mfransman7@last.fm,aR6gn1ogskbl#NGx
9,ccartan8,kstockman8@blogs.com,"sZ6,L/O_I1"
10,mlemme9,ngiral9@a8.net,bB7nRJY~Rf2p_6=
11,vandressa,atranka@wikimedia.org,"wU9""q{VocL)'BdK"
12,dgreethamb,kcarnowb@aol.com,"iY2g""nco{"
13,asherrockc,fingilsonc@marriott.com,lN2|yYJMKe
14,cwiddowsond,bbellowd@blogtalkradio.com,rK3gLc5PQ'>g
15,smatfine,apaulote@auda.org.au,sF0>Icy~XxKC
16,anewarkf,aceceref@huffingtonpost.com,jG7lXE!4>893.9=
17,cfarnieg,hvideang@prlog.org,uQ66e$@3Q}
18,bthalmannh,csponerh@netlog.com,oB7!2~>PA#tV>\
19,llujani,ahowroydi@ucla.edu,"uT1}""Q<{4}"
20,rsmeuinj,dyeellj@topsy.com,uT7AKVg<KZr
21,aflutek,iswatheridgek@google.pl,"fN2ZZU\m@c5},c"
22,kschulzl,jroderl@usnews.com,wD4AB*d@I\SK
23,nhaukeym,ltighem@springer.com,fA89'bE_~ZTPT7
24,strudern,ebramsomn@nyu.edu,mC2Sr0QU/\cB
25,ekempsono,jassanteo@cbsnews.com,zS2)qR%{T>K#&BY
26,zkasselp,paylettp@cam.ac.uk,kF2qs*_q2XUHOZ
27,bsimsq,mkollaschekq@nbcnews.com,wD1TX6e)iBpf
28,pburcomber,amaccarir@cloudflare.com,"zJ7D,%)e9s"
29,ablasings,alamblots@sfgate.com,aT36_(Ka&rf~8
30,ljagglit,lkilmaryt@nyu.edu,pB3*yaXMaaq
31,sdalmonu,jtummondu@indiatimes.com,vF0)WPJK53X|2NSK
32,jtonksv,sohanessianv@constantcontact.com,tK0/7Z/FEnAg'i1
33,pstreaterw,tshernockw@wikipedia.org,bD4Jsj9#
34,tgligorijevicx,gcomleyx@wikia.com,hP4SYMnqR)$7
35,larbory,kdarringtony@cbslocal.com,oC8Q#Vq&chK
36,afaldoz,kmelonbyz@usatoday.com,dI2%)vdB#x\qC{s
37,ramy10,swardell10@360.cn,rN3<loFOF
38,mbelliss11,ihilland11@independent.co.uk,hW7i9BFFlGM
39,nsudran12,sapplewhite12@dell.com,"zM1uQCED)w,c.ff"
40,rdunsleve13,tmasterson13@simplemachines.org,qA1IU2h%
41,lrubinchik14,mizakovitz14@wix.com,dJ4O*71F+SQ
42,gramme15,cbernardo15@google.com.au,lS8fAEbt
43,aduckering16,mbafford16@dion.ne.jp,sM7h!+i=Pys.<
44,cgrishunin17,rdonneely17@reuters.com,iF4D|P|/<3V3X
45,dcometti18,alatore18@ucoz.com,uK74N<{8
46,luden19,dlife19@ameblo.jp,xM0#dw$?Av
47,zcleminshaw1a,jgodwin1a@canalblog.com,yC3$k_W%
48,mhayler1b,cablewhite1b@shinystat.com,dY8nQPzRm
49,icawdery1c,lwinfindine1c@imdb.com,rW7Awma5
50,jokennavain1d,csimenon1d@scribd.com,"dD4,Bh#he""e/)"
51,llansdale1e,gdreger1e@networkadvertising.org,yX5({?OVbxmvB
52,kturford1f,mcarcass1f@slate.com,"hO4PNOqVqonvm""3d"
53,cdaft1g,lferrino1g@slashdot.org,cL6ZRS9@)>
54,nbayston1h,espawton1h@ibm.com,xK8T_Eyr}JTf
55,akale1i,eayars1i@usda.gov,"wW5NH5#T&d,"
56,pgumb1j,cgeater1j@epa.gov,bH7M{NV4$2+1O<\
57,zwofenden1k,lfeldfisher1k@technorati.com,xL3AMilWOsu!Y+%
58,rabba1l,fsambells1l@yelp.com,tY2t~#la4+cUr
59,smcorkill1m,arupel1m@gov.uk,yF6Kv/$#Xq
60,apepall1n,astandingford1n@jalbum.net,kD5DgC6&=cmK)&M(
61,nkoene1o,bpaffot1o@cyberchimps.com,kC9'Vfz=|80sxO\
62,nhargerie1p,dbarrett1p@umich.edu,uW9s3M%HboJDC(Kr
63,zjarmaine1q,ameadowcroft1q@hud.gov,iO9_M!>%x
64,akingzett1r,rgoford1r@wikimedia.org,"pF7iGeW7""8~PmZii"
65,dprime1s,cklaggeman1s@wiley.com,dG2rs(5je7
66,cartingstall1t,hklaiser1t@youtube.com,rE3z<E<qElmn
67,fbeavan1u,mrival1u@un.org,"qS6K7{_<N}Y""P=C"
68,rdavidai1v,pluton1v@wikipedia.org,vG7`II+GU\*?45
69,lfeacham1w,ejeannesson1w@cam.ac.uk,bM75Nj%b
70,dradband1x,cruffell1x@netscape.com,yK6oV7}Tg{ul8G
71,bhowlings1y,mthom1y@artisteer.com,zB6wcd.<PZ
72,tuttermare1z,jtamburo1z@ameblo.jp,"wK3,BqJ5CjZzQbiO"
73,etrotman20,rchecketts20@microsoft.com,xM1x~zOTwA2%
74,gboame21,pbasire21@princeton.edu,oW7kcKLvB
75,vmenego22,zgwatkin22@artisteer.com,"jS0Xd_""hi=s"
76,pelsbury23,gdougary23@histats.com,mH6}hI*CsC
77,edobbinson24,hbarraclough24@microsoft.com,lP8%\~{#Wkhv/$d<
78,ybolam25,mhatcher25@typepad.com,kW1io$c5MY5L#m!
79,eroscam26,twollen26@e-recht24.de,zS9lg+WAe$M7u*
80,candrusyak27,fdeleon27@youtu.be,kF83Wizds7
81,gfrankom28,lsloat28@kickstarter.com,"wP2l~},z"
82,fmacnaughton29,rludee29@marketwatch.com,kV5_x&hje9ZBbA
83,slibermore2a,jyard2a@privacy.gov.au,eQ4B%iNY3
84,lsworne2b,tfrogley2b@cbslocal.com,"pG7M2,O6}!/jq"
85,abateson2c,mhabben2c@gravatar.com,aM1W&$?s2}
86,ghurkett2d,hdeandisie2d@ihg.com,dT1')Xh=elr(y
87,ddenkel2e,ryude2e@godaddy.com,iN8@WyP5ik)2!FIi
88,gwolstenholme2f,rreal2f@google.com.br,xL7QA_kfQZlkHx8
89,otrime2g,nyakebowitch2g@ezinearticles.com,"iL3Km}0"""
90,dcolgan2h,fburkert2h@deliciousdays.com,gF5*+@Hey
91,kcolliford2i,dchristofle2i@51.la,dZ6BEBFYVV0lZ|?w
92,eschutze2j,sflitcroft2j@wisc.edu,hL6P$>rn)\r4+
93,tvockings2k,egouldeby2k@go.com,wH2cSQMj\nHs0(5
94,boager2l,lgiblett2l@patch.com,cD5iMvNGP~G
95,hgoodburn2m,wduprey2m@histats.com,nJ4qIdD&
96,ldepke2n,fmucci2n@woothemes.com,dV7WLyDq'pCv
97,mcrampsey2o,nbaigent2o@microsoft.com,"lP1OeGQ""+ZN"
98,lhardwidge2p,agrealey2p@foxnews.com,"iO7ORe\,oe>0"
99,bweeden2q,trabat2q@ycombinator.com,yT5e&=TV9v
100,blevison2r,lhardstaff2r@netscape.com,aI9&Zeh0
101,adulake2s,hwarrier2s@webmd.com,cT8GvUlo4\~y
102,btwycross2t,lgirardet2t@angelfire.com,xL4?n$U)J_
103,smasser2u,ajindrich2u@posterous.com,bL2)X(+C
104,jlangcastle2v,lelfleet2v@berkeley.edu,dB5UV`M/L
105,bjarmyn2w,vfranceschelli2w@jimdo.com,lG7oKwK\Ls}q7
106,gtidball2x,whagley2x@virginia.edu,"fC7_5""r}S}gX"
107,icaunt2y,otortoise2y@army.mil,qR5>`Cq>+@buEk$3
108,cdadamo2z,pbarraclough2z@gizmodo.com,hN8!hjYWpb0q
109,sdudek30,bcrass30@vk.com,"nN7u!m5,vZ18&H\"
110,araulston31,tnarbett31@livejournal.com,zW7@B(#?C.0e{8
111,bfyers32,amallabon32@deviantart.com,"pY3$=z~~,"
112,dpolye33,gsuddards33@narod.ru,uS0XbhXdQaQ?
113,gmundwell34,ndowall34@msn.com,"hV8_Pyu>q,"
114,jcrennan35,cblagbrough35@gravatar.com,aV4%R*kn
115,vcary36,spohls36@hp.com,rV0{$=|cT\G
116,aroutham37,htwiddle37@canalblog.com,wW8l<3=!_D
117,cauld38,gbruniges38@weather.com,fF2Bd<o9w6tz@
118,cbaddam39,aroser39@quantcast.com,cK2XJ!?9BiS1/)$
119,nlamport3a,athewles3a@utexas.edu,jE5Q)hf)gRtnJ
120,jhaggas3b,skonmann3b@vk.com,"yT1E,uD*|h%o"
121,aschirok3c,mdemsey3c@arizona.edu,nV1%su!L
122,knotton3d,mnassau3d@cdc.gov,"yO8""Ex=Dm1>\"
123,equinsee3e,asail3e@wsj.com,"kX0<K""Oa3,"
124,sthiolier3f,esherland3f@opensource.org,bK4YW.1z)KupI0
125,rhuitt3g,kbonett3g@blogspot.com,mX3@}=uv~%G._f3
126,gbaxstare3h,slymbourne3h@surveymonkey.com,uJ3k/e5x5ekNoj)
127,hhenryson3i,nsavaage3i@china.com.cn,rX4aD8SB7CC
128,awollacott3j,ileadbitter3j@bravesites.com,"cK2!/''fAf""<OF$)"
129,hbabe3k,mcompson3k@opera.com,yH2h{YujV
130,sroocroft3l,avernalls3l@list-manage.com,uV51*N*{Z!bT_
131,mformby3m,yjeandillou3m@merriam-webster.com,tV89DVps{r7v4
132,nconlon3n,lpowley3n@fastcompany.com,"aX9""5r?#`a6lwW'"
133,hingold3o,wclimpson3o@nationalgeographic.com,"kF7V'.d3NFEkjG""("
134,roxenden3p,kparkes3p@ucla.edu,uC03=Zk7F{k`@
135,djakubovits3q,ifortie3q@yandex.ru,"lN33hOTzbmgj,T."
136,aneising3r,mbulloch3r@paypal.com,dP7/`*ug6'N
137,ctomkies3s,ktunuy3s@jiathis.com,eO8F*VE`Lo
138,lfreeth3t,ktomblin3t@msu.edu,xJ4F}|+zybQ+
139,cblowne3u,jwoolmer3u@github.com,mY2_g{oC!H2pW
140,ffairbridge3v,wpuckrin3v@patch.com,kS8VWiM@z\`K(93
141,grenzo3w,pwildor3w@istockphoto.com,tV9iEYvQ
142,gwrightem3x,dbarnicott3x@cargocollective.com,wD8LDejv#+MD`
143,sruggen3y,ewealthall3y@cyberchimps.com,"mV29I{""Gko~WI&k"
144,jmcsherry3z,jlound3z@ustream.tv,dZ5_cb(fDTo
145,jdubery40,mlenglet40@geocities.jp,gW9G2|TKoA{(QsXl
146,dmechi41,uprimrose41@cafepress.com,xS66D+lL
147,bkoppke42,jfreeberne42@people.com.cn,rZ6XRjO(pJ#zrK=
148,owipfler43,esawers43@devhub.com,zV7f%Bukfh
149,gabbotson44,rmullard44@over-blog.com,eM8(@\!H1$93>+tk
150,aord45,ohourigan45@scientificamerican.com,zX7?z*/8
151,caisthorpe46,rpettet46@amazonaws.com,pP8r0A#+bP
152,hselland47,sfoucher47@google.fr,"hG2*,V2'yhWOMN"
153,rbattrick48,blinny48@dot.gov,"gW1%cK,`>BhP"
154,mcourage49,ygiacobillo49@tinypic.com,dV1$)uYS2w
155,jrabbe4a,mhaslen4a@va.gov,"oN5MGjB**%cqQ,'a"
156,rofogarty4b,bnottram4b@nymag.com,lN0va!%K4<A
157,smcnaught4c,egallanders4c@liveinternet.ru,nU0F%\/do
158,zpotier4d,bvedenyakin4d@whitehouse.gov,hY8={'fU<{g&8J`A
159,tburnand4e,ghuelin4e@indiegogo.com,"iM6M?j?,"
160,visaak4f,fmerrick4f@artisteer.com,dU3<lGst.>
161,afountain4g,hhattam4g@opera.com,gH6h{o}+FG~rrX+6
162,efairhead4h,wgowrich4h@google.ru,qR6.I))N}n}pj
163,dallred4i,ekleiner4i@prweb.com,dV983!zKao
164,astorrie4j,rsellner4j@bigcartel.com,cA9OJ+6n9i!
165,lklimashevich4k,cmasseo4k@google.ru,hE5KFnj!r>Kuz
166,lnarramore4l,amessingham4l@typepad.com,sW3EW=zi6GZ1/
167,rsale4m,ltebb4m@amazon.co.uk,qB3OY3B<9cW1
168,nwestmorland4n,mpassler4n@paypal.com,aO7GG?0b(!I2&+p?
169,cwesson4o,aettery4o@vinaora.com,hR1_uscZ?yReoO\G
170,ccreedland4p,iranderson4p@dot.gov,sE2c({|pkq\P
171,dciccone4q,dbroggini4q@cloudflare.com,yD8`'~)LnxWsMp
172,spankhurst4r,dgladebeck4r@cargocollective.com,fV8E7(LEBO?
173,efarnish4s,slowfill4s@state.tx.us,iQ6RV/~Q?b\QUR<#
174,livanchikov4t,bblair4t@un.org,jO6($1=+
175,saked4u,celston4u@tripod.com,zM5s$E\vtnLrNw
176,ksayward4v,atinsey4v@jigsy.com,"jW1~{<p7,*Y0"
177,aarbon4w,cgodleman4w@slate.com,"yZ4K/6|`LM4,)/t"
178,lleman4x,vmccaughen4x@samsung.com,kW9()y/ma5e~
179,tcancelier4y,sgilbert4y@netvibes.com,xD1#oWzSjtFKi.J*
180,tmissenden4z,ftowhey4z@nyu.edu,"hA0aqm,f./&.$CR3"
181,gfanton50,lfeye50@fc2.com,wS8Z`~K3QUg
182,czanetello51,etrass51@ted.com,dU67|gJ4vH
183,vsketcher52,htocqueville52@dropbox.com,xO7`7*_v
184,cpickance53,sgandy53@nsw.gov.au,oJ6|V>fb/rz&%VOB
185,kpadkin54,cmcterrelly54@behance.net,vH4VD!ZMff
186,jcabera55,bolenchikov55@hud.gov,dA1BKkW3<
187,dbailles56,fsinnock56@mapquest.com,"nI9*0""|w""$Z=}"
188,ebartusek57,mceci57@phpbb.com,fG30c|5sX?=6
189,shearfield58,ahollow58@usa.gov,nQ5k(yoFP8dmU
190,dbrabin59,ydelouch59@bluehost.com,rN1~.zYV\!\m(%86
191,jasser5a,osurridge5a@youku.com,aD2kAY.\
192,dnequest5b,vfrancie5b@wiley.com,yA0PBO9Bk
193,tjuliano5c,hcranmor5c@vkontakte.ru,cY7<qsRj(
194,louterbridge5d,drippin5d@telegraph.co.uk,bE78aFsz!mysV
195,swhear5e,mhatherleigh5e@squidoo.com,jZ58<k!ko#O\4P#
196,jmckernon5f,rdagleas5f@artisteer.com,yW3@f5w(L_p&W
197,hpelling5g,callsup5g@google.com,"wA9g3BVqG|R""ZBMx"
198,afitzjohn5h,tstittle5h@china.com.cn,wQ3w9*1AzkUY8$R
199,ewaterson5i,hchetwin5i@blogger.com,jY5v8>P@LIRR/ldI
200,dworgan5j,brikel5j@uiuc.edu,"pB9{_N7'N\TSo,`"
201,jburtwistle5k,kkirkpatrick5k@microsoft.com,zC5%'8)8$*q
202,mmurkin5l,cmaso5l@uiuc.edu,gD7Bv1p!HiP
203,mhopfer5m,jbarbe5m@wikia.com,"fI3<Rh,3.6"
204,pswindley5n,hbehn5n@constantcontact.com,"xW2#.tIR@(""3f'"
205,nmeas5o,nreveland5o@hp.com,aU3iF@U}(+Tq\\Z
206,echantler5p,qetoile5p@51.la,zO2!IEO'
207,rpaffitt5q,cshelf5q@spotify.com,lZ4\2_nV{
208,jcastiblanco5r,twimpeney5r@yahoo.co.jp,qK6H*Ht'y$)oq_NO
209,vscully5s,rcuffin5s@vimeo.com,wG5t.`2&t
210,cvonderdell5t,fkoop5t@alexa.com,"hG6J""~D?Ja@aq{}$"
211,pbirchill5u,ugroom5u@tripadvisor.com,tJ0i(s@&!h
212,blyffe5v,cbarczynski5v@goo.gl,eM8t=?e/`E
213,asansum5w,omaclese5w@samsung.com,aX4~2I6UjpT{m`w
214,jnijs5x,dmcaulay5x@mozilla.org,uE7t{|9vVfGa|N6
215,dfigliovanni5y,msouster5y@biglobe.ne.jp,hT9>uY@$2)8
216,ccradick5z,hborghese5z@cbc.ca,"nZ9`Pr{x""oe\1"
217,mgriswood60,carbuckel60@wikipedia.org,qU0wjotkWI
218,ereadshall61,rloveridge61@simplemachines.org,qV0%azz|gV
219,swilson62,imcconnel62@istockphoto.com,aK3%uv7j#>
220,dgallgher63,sswiffin63@dmoz.org,pG3CT8S|sOj?&
221,mturk64,hkliment64@tmall.com,sE1DiYA&m*+1s_0
222,imcgiff65,ybruggen65@msn.com,kA5$e9C7SLzJ+~|
223,fcreasey66,gmcauslene66@nbcnews.com,hX2sg6SC0'!bj
224,lbeckmann67,jcamm67@cam.ac.uk,xR6#\f`Xz>BK
225,fmaccaddie68,dspink68@buzzfeed.com,bE8j7xsHNRz$
226,kstegers69,ldifranceschi69@zimbio.com,mK0'j_0k&VW
227,ethreadgold6a,bendean6a@cafepress.com,qH1l'Y5>
228,senglish6b,alintall6b@printfriendly.com,lI4n8OqfunM
229,cbonnaire6c,opaireman6c@bigcartel.com,kH0~=Io2AE
230,lpomfrey6d,clegg6d@purevolume.com,iZ8q9$y'VE2ovw%1
231,rmcgow6e,rgreiser6e@ucoz.com,yU2U|PluIkrZHdxl
232,kausello6f,cdadamo6f@taobao.com,vJ0r/OKmoN?zZH9
233,wwinscum6g,cfarndon6g@sitemeter.com,"sO5hodbrJ4Ky!"""
234,hduchant6h,spinnigar6h@admin.ch,lC3uSGsHZH1Y
235,bstollenhof6i,pcleaveland6i@nba.com,hK8SRAUby+r<JzU2
236,mmacdunlevy6j,nleeson6j@ed.gov,fD3NO7KStR<*PPd
237,mchesley6k,rducarne6k@fda.gov,"aH1\""vDUBTQZ&_"
238,gugoletti6l,tkilfeder6l@privacy.gov.au,jE9rYT+Z8O/S$)Z>
239,eskeermer6m,bdorrins6m@taobao.com,cX1{v/zh0kKIedWD
240,iingamells6n,lemmens6n@mashable.com,aD62SP3T?gLy
241,vhumerstone6o,mbortoletti6o@howstuffworks.com,lE8H{<T)#~UY
242,shuyge6p,glowdwell6p@blinklist.com,"nJ4L#oyUL,p"
243,ggailor6q,smillar6q@wikia.com,yF1jnB&J~VWHQEL
244,clogsdail6r,wpiddletown6r@sbwire.com,tR0AykSI4
245,thaugg6s,harend6s@state.gov,zA4PT&dP5Se
246,bnock6t,jaubin6t@comcast.net,rB1M1d5|7}*!E~k
247,bgascoyen6u,fweymouth6u@soundcloud.com,zT8#p9\fIg*l
248,mmaasz6v,kingram6v@umich.edu,qK7/AH'aD#@4
249,igatchell6w,ltorricina6w@blogs.com,pV41VP#4G4|fE
250,fmackeague6x,emaharry6x@latimes.com,bQ60ZiBU/c
251,jjeandon6y,tjackways6y@live.com,vP9M`%S\hWp7ss
252,acolwell6z,aneilands6z@mozilla.org,"hT2""Qk@xSZPd=tm"
253,ariddler70,cdouglas70@yale.edu,wS08i0zl
254,pgarnul71,zhonniebal71@de.vu,nT2pfNydNal>
255,jmccartan72,orowesby72@angelfire.com,"rO51h,PwM}/hq&"
256,cellesmere73,rgehringer73@tmall.com,qD4x<vun6
257,smorland74,pdanilchenko74@kickstarter.com,lL73wDheJQ
258,rbortoletti75,tspeerman75@alexa.com,kN8xfk~.
259,kmckaile76,nstubbes76@hubpages.com,pF1Q|r7<2d
260,eclemonts77,csyred77@wsj.com,mH9g>Tdhd(aK
261,shanrott78,jcrumby78@multiply.com,vS5xDf|ww3rN2MlA
262,cdurbyn79,deddison79@github.com,mD2=f40|NVv7*wo
263,gpontain7a,gcawston7a@cloudflare.com,"sL0,r_wUES%f"
264,tdiangelo7b,cpietsma7b@macromedia.com,"hL0v""2Y|"
265,ashere7c,tandres7c@huffingtonpost.com,"iK3,C~7yVa3P_W_$"
266,rcajkler7d,apreon7d@meetup.com,fT7+ZjmQjmaq5/$@
267,gbodell7e,carnson7e@vk.com,sK3K|{q7p9up9
268,mlinde7f,bjarnell7f@nbcnews.com,"wK43{)CN,HC,Q#`N"
269,sdearlove7g,tjerdon7g@alibaba.com,"pV8&uz,|+1"
270,grushe7h,lrockell7h@php.net,lF7#NDXr_$C
271,mfyall7i,cweth7i@hao123.com,"eE4X/spiF|)@""D"
272,jstanding7j,dbarajas7j@examiner.com,oJ9mB~Nxs{TI#
273,lweinham7k,tmulqueeny7k@liveinternet.ru,eV3T%&5wrj$iF
274,cconry7l,ahowick7l@squidoo.com,rC058k>\=
275,bomara7m,lkilty7m@reverbnation.com,lM6+6Xt3.jgDaw
276,dgarrigan7n,afairpo7n@merriam-webster.com,aV1O}L{H0~x}Y?
277,fbaglin7o,droycroft7o@phoca.cz,fY5{__g>h
278,jblague7p,nfaustian7p@qq.com,cO2>@(sI`dG&3Y
279,zcarmody7q,sascroft7q@wunderground.com,lR3#)=k=%@
280,dgilardi7r,irickhuss7r@aol.com,aJ833Hvih.\?
281,nmea7s,lelders7s@1und1.de,xE9E}M!#Aq<7E._T
282,mbewlay7t,lfoynes7t@nba.com,iL4q7q1E
283,bcawkill7u,upimblott7u@ovh.net,"tT7>A,>C"
284,vochiltree7v,aroofe7v@twitpic.com,"uI3bcd(>W0N""<L"
285,bstancer7w,abrodnecke7w@virginia.edu,tB9g+a>Id4se
286,lechelle7x,aglencross7x@rambler.ru,dR0A!J47c\
287,lbanfield7y,jbigly7y@cbslocal.com,sV1H%wAyn9
288,mgillie7z,sgrindlay7z@g.co,iC0uO/+zHIFEHB
289,gbrandoni80,sassandri80@economist.com,hI6bvk*96nQF
290,mbarthod81,rsleford81@yahoo.com,rL1+*X1&&A5{G
291,zsavoury82,sneno82@mozilla.org,uV7F7Sk=nY+f$M
292,kkeates83,amcgilroy83@photobucket.com,cG6&gjF.Tf|Z
293,djaggli84,kpass84@upenn.edu,aD9G5P%gj57
294,amassenhove85,mbaniard85@ucla.edu,wI0/nfNl+t`WP&@
295,bgallehawk86,rgravett86@xing.com,qF8sJx(WAx\Bjm
296,jtesoe87,ffetherstan87@blogspot.com,"nV2,k2%vdp"
297,eclemerson88,mcompson88@blinklist.com,fA1cgN4zg*N
298,rkonzelmann89,mwheatcroft89@usa.gov,eT1g`28_ZhQZK
299,mkolushev8a,ekubalek8a@goo.ne.jp,hQ06AA*dj$S|
300,bcaplan8b,kplatts8b@wikispaces.com,wS4U.WL5i>nZ)
301,ekristufek8c,falwell8c@thetimes.co.uk,"yR9l`#FZMCf"""
302,cwesthoff8d,mjerger8d@hugedomains.com,uV3v8*zX(TD@p\J$
303,tchivrall8e,cimesen8e@example.com,tV0s%1zs
304,rwyman8f,jhowel8f@indiegogo.com,nS0@iH}z\.H.
305,fbryson8g,ajekel8g@youku.com,kB5Ksg*Nbm1cPX''
306,lwhalley8h,kzanni8h@tinyurl.com,sE2`js}_9g
307,jboulstridge8i,tbrayshay8i@dropbox.com,fM8zM!eP
308,gprester8j,spembridge8j@wikimedia.org,pJ5P?THIw?
309,adarko8k,nloncaster8k@bloomberg.com,"oZ1yO<VD""Fj"
310,hmephan8l,yhaslum8l@elpais.com,nX9@Py/taG`}pI/S
311,dpeasnone8m,tcleobury8m@weather.com,jU5nlyqk%ToW`
312,gaves8n,cwrates8n@go.com,aX2Y(d/X!
313,thazeldene8o,fgoodrich8o@soup.io,"dE9FsGZs2X6""|CJl"
314,tbugdall8p,jcoche8p@nyu.edu,nG8.1QIMoR/J.|Y
315,ecollerd8q,abisacre8q@washington.edu,qN5Mnyl|+o*
316,mjaquiss8r,dgrimsey8r@prnewswire.com,lK7/4$!oqz74zj5M
317,lcocklie8s,kjenkyn8s@miitbeian.gov.cn,oR6sDawo82Ci~a<#
318,kbickerton8t,kcastille8t@nyu.edu,iY2j/Qm?
319,mgunby8u,oshackesby8u@columbia.edu,rW0@xWldbBjLW3
320,kharbertson8v,alorkings8v@gizmodo.com,uR25aaOmy(Bqm8uE
321,alammert8w,rnoddle8w@simplemachines.org,aA0uaN}&Z/Ov$h
322,cmatiashvili8x,ssayse8x@netlog.com,kO1<\\HKBDxF
323,opigny8y,senoksson8y@walmart.com,dW9?xi~Jjh7/A
324,thannigane8z,tbelsham8z@bandcamp.com,kT1DdhHIJUwnx
325,aseefeldt90,dcissell90@spotify.com,uD0NjP!>bG!rU
326,mdablin91,bhagyard91@storify.com,bC4}iJ\LXYSZg0*9
327,cdurtnal92,mmumford92@google.de,tC8#~4wK<L+gl5`
328,oweall93,dlepruvost93@blogspot.com,jS8|y|$ynlE=!u#
329,tullrich94,rdeaconson94@businesswire.com,pM2+F*I&kL
330,mrist95,cgellately95@ucla.edu,wC9LTf$!nGu+.0l
331,adiamond96,ajentet96@baidu.com,aR9STKWH6h
332,kboyne97,ckittiman97@unicef.org,cB1diHtJk}dVC
333,wgobourn98,aleaf98@hc360.com,bV9mHUFBRIwk
334,sharvard99,rpicton99@pbs.org,gH5(poI!Fcrlz
335,rdevile9a,pcumberlidge9a@cyberchimps.com,"uH9|7IZbYx,C0"
336,ecrozier9b,hwadesworth9b@ed.gov,pF2f9g62fk
337,astilliard9c,dtraite9c@patch.com,oB1acNK&bz#bL1aL
338,ztinto9d,ddunbleton9d@oakley.com,"rL2`R2,yK"
339,ssodo9e,arattenberie9e@unicef.org,dB0i8L8tIz
340,tburk9f,troseburgh9f@unicef.org,"jU9?>""30gUr="
341,aplascott9g,tgollop9g@army.mil,yS9!Xm(C@#.+S_
342,santony9h,gwarbys9h@adobe.com,wK2a##jl
343,acowin9i,koffield9i@home.pl,oP9y{?.d#B
344,wcowling9j,sjeffcoate9j@arizona.edu,rU0Vd>V4|G2oAE
345,atoombs9k,zhammon9k@boston.com,jC4rl&CN?\Q
346,gcurro9l,jgillions9l@cnn.com,sY8xH@IdK
347,jleishman9m,egelderd9m@acquirethisname.com,wK9}Vfsv&
348,rsage9n,hbrydell9n@arstechnica.com,eP3Is!el
349,acrum9o,aossenna9o@mashable.com,wU0YvnL~!|A
350,vmochan9p,ulove9p@jigsy.com,pR1YFuLePi
351,dfaint9q,tdyer9q@stumbleupon.com,gD99|fx&4
352,lkisbey9r,ltitterrell9r@histats.com,rX6gI&V'or$p3
353,ntrouel9s,mheinl9s@senate.gov,"wU91oMaA%,C9O"
354,aswyndley9t,jkimmel9t@slashdot.org,"vJ7(!w.W"","
355,tchaudrelle9u,awallach9u@craigslist.org,vF1ok.{sn%2
356,rackeroyd9v,lfowgies9v@bbb.org,hU4(Y/LyULH<AA
357,sianilli9w,fdabbes9w@java.com,fX9~@C{p(+c8wJRv
358,hphillcock9x,amundell9x@nps.gov,eJ83NQOFMAM
359,ddungey9y,lnote9y@t.co,dM8Uo/(y5@+4
360,wbourke9z,corgen9z@cdc.gov,sZ47U'%X\
361,rtootinga0,hschmidta0@ibm.com,pC4ep}mo?lK6b
362,gsandlanda1,konionsa1@i2i.jp,fI52Zw2*13kP
363,tlismorea2,cglaviasa2@ebay.co.uk,"fO7bzQ|pdei""Y(rk"
364,mrosenfielda3,bgoodhaya3@cloudflare.com,yJ7d_v5)asZ
365,sheinisha4,gdrewa4@oracle.com,dZ7niVl%Z!~0F0Ej
366,efranceschiellia5,gcyphusa5@army.mil,yK6{aGo\h!FC/
367,mpadburya6,ndahlera6@nymag.com,hQ6a2AqK0Ix
368,rbarstocka7,ljuszczyka7@epa.gov,lV5\HAA?@==9cK2
369,afrancaa8,fforsona8@meetup.com,fO5*0EUva4B1NC
370,bboggersa9,dpalleya9@who.int,pC8wt0uY?b
371,dscholaraa,ldacreaa@yahoo.com,"lB5(Z>,Bb$,mr"
372,drogezab,dkesterab@walmart.com,sC1_bBD*.joUZ
373,dsloeyac,nboulsherac@about.com,"xT4JkG}GB($|rPm"""
374,beppad,syetmanad@vk.com,wX7VC5E>7HyG%
375,nsindleae,agarwellae@de.vu,"eX9_""XO*rcF3|mu"
376,vbunstoneaf,hhaydneyaf@slideshare.net,wF9m|VgfSH4V9t<<
377,mgarretag,emallettag@earthlink.net,xL7tMb}#Yx
378,tstrathearnah,tdelanyah@1688.com,pI5BZ.j6t_6NkB><
379,rcattelai,scockshootai@blog.com,"cB0{T?4""3>'tRM="
380,edawidmanaj,pdeeginaj@imdb.com,pW3{BkDu
381,cflintiffak,cpetrolak@opera.com,bP5t<s!Lf#CGqDe
382,bivellal,kwaylenal@army.mil,"kZ1HpS<i=%,AN)`"
383,cdomicoam,btennisonam@so-net.ne.jp,kO5(~Q=q?kPAl+i
384,tblackbournan,aseppeyan@cyberchimps.com,eU7'h1{aZV%
385,colivelloao,jhamblettao@hostgator.com,uL5N}QpN}+L*N0Y
386,acollacombeap,nducarneap@webs.com,"oJ85""&ez"
387,kgarriockaq,lcoslittaq@admin.ch,eJ5mk?VyGO1'q
388,ntavernerar,fcainesar@narod.ru,dR5Gd%'c
389,dhartburnas,cschermeas@networksolutions.com,pA8}GGwac@U
390,trammeat,weixenbergerat@ask.com,"fN4n,j5m"
391,hraittau,sshrimplingau@typepad.com,iD3XdDKVTC
392,gmerrganav,cronaldsonav@wp.com,kP2.wSaURQ
393,mridesdaleaw,aisworthaw@hao123.com,eR0>TpH}i9}
394,clathleiffax,tzeplinax@pcworld.com,"hU4T,am*1x64+"
395,khaymanay,mhandleyay@nymag.com,wT6?b29YghbpL
396,bsteinhammeraz,cstobartaz@infoseek.co.jp,uI1NCl4/~
397,tjaggb0,pbredgelandb0@hexun.com,yE9G!AMb
398,nportigallb1,lphilob1@businessweek.com,"kS1,VX/kC"
399,msibbertb2,lfayneb2@mlb.com,pN4/e#OQ0rY
400,ameaddowcroftb3,cspencleyb3@techcrunch.com,eZ5\'llZJqobMb
401,bwestphalenb4,wbesseyb4@pcworld.com,fP7h%rxije
402,callistonb5,kslaightb5@google.it,yU4WnVvXmu09#
403,etruderb6,idignonb6@mayoclinic.com,xJ2Seoagf
404,tflorentineb7,lpietrzakb7@bbc.co.uk,"yQ4lgK""/Zm#>q"
405,hhealesb8,crothermelb8@cargocollective.com,bC18e$pyN
406,hayshfordb9,jgibberdb9@si.edu,"pD4t},NsIM"
407,afarnorthba,fbrutyba@bbc.co.uk,uV24%NP!u#+4ME
408,lpazbb,tkerleybb@rakuten.co.jp,kG3Z041opjXbkfBU
409,kseifenmacherbc,zbeddoebc@indiatimes.com,"pV8T5kXu,c!gM9,"
410,wscamadinbd,fmachenbd@ucoz.com,nL9Uc+fiL
411,ghanfordbe,wtrymmebe@seattletimes.com,kU026~%r)M}5
412,ppiebf,bsawardbf@feedburner.com,cR2XNR29x|L4>qaT
413,thaycockbg,lbreitlerbg@gov.uk,tB9wL`puD
414,moxbybh,mashplantbh@oaic.gov.au,mJ0B5M.KbgV
415,vaistropbi,jmossopbi@slideshare.net,dQ8Ir#9EdjA`
416,vfoggbj,bjeffersonbj@mayoclinic.com,"bJ0|qq*"""
417,scerrobk,pespinetbk@cdc.gov,nT2K0c><)i~TF
418,lhusonbl,mpichefordbl@cdc.gov,"cT4S_F,nv,"
419,arhydderchbm,ttraitebm@bbc.co.uk,lY2Tp(Hh@iu.@<
420,pjewkesbn,ehilleybn@wsj.com,gS4x)'v&
421,scarnsonbo,chandforthbo@time.com,"hW8E7""Aj"
422,ddanshinbp,mpenderbp@php.net,xT61s3?1vFt{
423,dpellamontbq,tschwiesobq@prlog.org,hE5`/?RAiL4
424,clucianibr,dgulliverbr@imgur.com,fS3CjH}g~'oZicA$
425,bweldrickbs,hstockleybs@wired.com,uS5_.hLEUY~9
426,lriegerbt,ddoohanbt@i2i.jp,pX646$H*='Y}Af
427,jmcginnbu,dmatschukbu@businessinsider.com,"uT1>rB9zTdZ)2,HP"
428,bmcmenemybv,tkarmelbv@blogspot.com,iR1w<IAqu6
429,mdelgadobw,aroubaybw@pagesperso-orange.fr,rB6vVX%Jzd*w
430,kgorewaybx,froyalbx@admin.ch,"cD4C!c,A#Q$)\Ak)"
431,kcastelliby,mnelmby@shareasale.com,"hS8?5FO/,gvXZ"
432,ialuardbz,dferrelibz@is.gd,dP7D55#nKai+=9y{
433,dlaffinc0,acarressc0@wordpress.com,xO7gTeAPM(@v
434,ekezourecc1,mlanghorc1@nasa.gov,"aG5vyI*#Dz,h4"
435,dbuggec2,fgyvesc2@hibu.com,tX5nDhjdXvc
436,esimesc3,lwaldenc3@hibu.com,gR16LSc.xI>roR%\
437,mgelemanc4,aabraminc4@tamu.edu,pX2eF8ZSQ0>`
438,hygoc5,lbrunetc5@plala.or.jp,uK8|yur/
439,hbelchamc6,tbeinckenc6@plala.or.jp,"aQ5U=s,X"
440,cchamneyc7,ebrackleyc7@cnet.com,kX4<L9jrh
441,ktabourinc8,gmaskreyc8@tmall.com,tX7thYDE?)KML=nG
442,ieleyc9,lbailesc9@boston.com,kK9rU}c'19e7
443,traintonca,fmattsca@cyberchimps.com,pJ4((|y'!4nex
444,kbrotheridgecb,ilowrycb@rambler.ru,"eB8ZAe88pV""+1j"
445,dkattecc,eduboiscc@squidoo.com,bN0wH@=bh8|H
446,dquinseecd,mmitchesoncd@fotki.com,gC4+$.{e`vsRz
447,cwortersce,gespadatece@thetimes.co.uk,rZ18='R8a~U
448,bmannincf,evilecf@illinois.edu,cW3<{|'<T/x3Qt
449,ccaseleycg,mtatteshallcg@com.com,zX8flHn!
450,egregorich,agavriellich@printfriendly.com,"aK6=e2Fig"""
451,lnewshamci,fcastleci@woothemes.com,lO8cK%55`i?WS)3
452,lcozzicj,ostuehmeyercj@ucla.edu,jB3d27'$$8#J/
453,jhessayck,mantunesck@theguardian.com,cW19~EQsFLD
454,mscardcl,zbenescl@chronoengine.com,eW7\j\2!pK7
455,ashalloocm,hpaskellcm@people.com.cn,"oF9@""y#j7!O"
456,cslocumbcn,taudencn@theguardian.com,eG7X>_HC6cczz
457,mgwiltco,jkiteco@weibo.com,eW2kB*pm4_
458,aflipekcp,sperringcp@cisco.com,tA6*2eP$w0o&o
459,kphillpscq,bactoncq@wsj.com,"pC6}HL2.jE?7P"""
460,redescr,pflitcroftcr@etsy.com,hK8'g<5F
461,rdybaldcs,abloggettcs@google.nl,"iQ96""E+P"
462,rloughtonct,dhutchisonct@xrea.com,dY3h?y9p9g{c
463,scritophcu,lmuckartcu@yandex.ru,"tQ5PU,VBmO"
464,bwincottcv,eturpiecv@miibeian.gov.cn,nU6PRNW/U/ux|8p<
465,npellissiercw,sstackcw@cam.ac.uk,yZ5'dl~CK
466,rmackimmcx,awillanscx@blogger.com,qU7mRFu%CR
467,liversoncy,sthewlesscy@shop-pro.jp,"eW8&4@'_\"""
468,khellmercz,tleirmonthcz@nps.gov,uJ6<H&HG*8RivN'
469,nkalaherd0,fcromartyd0@cyberchimps.com,"nP8VE""0o5W0"
470,pvlasenkovd1,oloxstond1@bloglines.com,cX5\5~!a19n{
471,vmcveightyd2,ahargated2@nifty.com,sE9Cdi#wG*i\bS
472,rmariaudd3,wdicarlod3@prnewswire.com,vI9!KiF36DNb
473,agippsd4,agluyasd4@independent.co.uk,jO4>F\Yd3ooY0_
474,ibrognotd5,kbolzend5@phoca.cz,sB5q!MV\k'8FBI
475,cmennithorpd6,mhellind6@uol.com.br,nP9x?bpv4R{
476,glawerenced7,acicuttod7@techcrunch.com,uK6MN~d+wJ!H
477,jpetrakd8,astegerd8@wikia.com,vD8x*A3&G+yAl7k9
478,tfothergilld9,eathyd9@xinhuanet.com,"aA46`2+Q7S2\p,O"
479,mdurranceda,lbaudida@smh.com.au,"dV6CeQzq9,7"
480,sconyarddb,rserrelldb@accuweather.com,iZ8tFiF<K$
481,moffielddc,kcraigheaddc@stanford.edu,"yP0YG""/Gx#QBvIs"
482,ymeldrumdd,cesliedd@noaa.gov,dE7Ums<KDxu?j
483,ekitneyde,mnoahde@soundcloud.com,kR4pq)FZDMz
484,gkindlesidedf,cstotedf@dedecms.com,mK4#3+NZ%70j$zF
485,rdixondg,ttownsenddg@ehow.com,oO7yU2.%@zE
486,cbeniondh,bpeironedh@va.gov,bQ6IB'F?c1\11N
487,mbriskeydi,sblaylockdi@techcrunch.com,mY1Me!9O@uF
488,ecanodj,tpettidj@youku.com,vJ81us=wytb<8Y
489,ddanilovichdk,gnortcliffedk@deviantart.com,iR9A\m)|f2VnMp0
490,ashuxsmithdl,skleszinskidl@weibo.com,"gA9TJZVA,$aj/4}"
491,sdickinsondm,alacroutsdm@php.net,kK9+3_.+
492,pcantodn,frobinetdn@ehow.com,"mP8.L""cwr+6<g5"""
493,sivettdo,hhuglido@digg.com,oI9Va&sTxwNJ@*
494,hparsonsondp,sbelliedp@people.com.cn,sH4nRqDk(vUoO
495,cbaskwelldq,jmatthewdq@wikispaces.com,fF3w\Gw85r
496,ufearnsidesdr,mdarrigodr@nydailynews.com,"vS0k>~E@,z3'3V"
497,rmanifoldds,relbourneds@t-online.de,"bT47|Z,#_/'%"
498,csemmencedt,dtipplerdt@themeforest.net,hP73J8rm
499,speytondu,fcassidydu@gizmodo.com,bS9C6QT1|dO
500,fbengtssondv,fduttdv@ftc.gov,"cL5k\(i3A.,r+Ns`"
501,mtebbuttdw,dsaggersdw@sitemeter.com,qF4Igy0pj4s<FuJ~
502,bfonzodx,ddibbindx@answers.com,dY3)cl8cSk
503,mjaimezdy,cteazedy@umich.edu,kE2Cu~H$.{gYRMV
504,cjellmandz,bpappindz@blogger.com,wB83?e\Xh#
505,gpalffreye0,idalgetye0@samsung.com,"cE6Ix2MZWT*EM,?O"
506,oitzkovitche1,jnarracotte1@washingtonpost.com,xD6Q(!`H#tVrABaE
507,ccrainee2,scofaxe2@people.com.cn,bG7MJiKOLuV@=J.
508,dshanleye3,esigge3@angelfire.com,tX1*o'aZjc'{HvR~
509,gdignalle4,wallporte4@amazon.co.jp,xP6Kg<Ex=m4
510,kmargerame5,abalselliee5@printfriendly.com,fS0l0'#}s9cP
511,lpaddingtone6,cpedrole6@mapy.cz,cT0P@TROWs/9
512,fbrydee7,bpavesee7@issuu.com,oQ8gcK|!Y
513,schallonere8,bmcsarrye8@homestead.com,sQ6lV+a)7$8
514,clambdeane9,fferraraccioe9@cnn.com,xI4pi6G*Xf)JOR
515,tmeneerea,srostronea@washingtonpost.com,oM9kp&8u<SFz
516,lkellickeb,cdayeeb@tumblr.com,hV22A${0BG
517,dcorkishec,nginityec@mozilla.org,"yW88KL19IZeB!,c"
518,aturried,jaudiberted@google.cn,qO9|iyc1
519,bcoupmanee,mbetseree@icio.us,iS7UfrUULY)pn2*G
520,aschallef,jgrevilleef@japanpost.jp,nS8b~iI$_EgU)Hy
521,cgallahueeg,hroseamaneg@wisc.edu,kD7s=UUq!
522,ekrocheh,hlaffertyeh@yellowpages.com,dB7'WGBNL2P
523,esplevinsei,doverilei@goo.gl,wA5nNZ9H
524,fcassamej,gmeraliej@barnesandnoble.com,zR6|bFR\*_aV!r'
525,aendersbyek,mleblancek@google.fr,oL7Q)s97fekd
526,vshovlinel,tjonssonel@fema.gov,wU03_k+3YBq!
527,kmacelroyem,sgaunterem@nyu.edu,fW030tV'erUp?9f
528,askeenen,rlobellen@blog.com,"cM0,>PEO8k"
529,jcapstakeeo,dperegrineeo@yellowbook.com,"iC4&iRF,aZBi0\X"
530,callsuppep,wgheorghescuep@aboutads.info,qS7HvI09B
531,dambrogiottieq,mdellcasaeq@sfgate.com,gS0Xd(j_(
532,rgrimseller,pkeatser@homestead.com,zH6#Im#AyP`.
533,jberriees,kfinniees@i2i.jp,nU5~{?0z}LeKl
534,nshirdet,rbareheadet@ted.com,rJ4}3/FlOh.YlzL
535,cneenaneu,mferreseu@adobe.com,"iD4214$+"""
536,rwakefieldev,mwhittingtonev@rediff.com,sJ5\bPoXj(PH
537,cchivrallew,jramsbothamew@ycombinator.com,"wI9E|=k,&jl"
538,lgrimestoneex,pspindlerex@patch.com,"aT9VC{P`i@,#%"
539,bhassurey,hstookesey@typepad.com,hA9fwbNbYx0
540,nballantineez,pplumptreez@accuweather.com,lL2qY4SLTkIyoNc
541,kboudf0,bkubalekf0@blogspot.com,cY7wex7V08le|)
542,charpf1,epickancef1@fotki.com,xC1GBgqI
543,lbansteadf2,pcogginf2@hubpages.com,yV8|D5n`l/D+Fdl
544,kallawayf3,iritchf3@hugedomains.com,"kS1GT#ez""dv0"
545,clowresf4,cpallef4@sohu.com,xC4pdpD8HxUp@%j
546,bannesf5,mtregennaf5@epa.gov,"lP06anQ,V"
547,ctolworthyf6,rhiscocksf6@fotki.com,qI20mZtpEO
548,dcranfieldf7,bgrindleyf7@sitemeter.com,uY7HdDtrpjO
549,estatherf8,emannockf8@cdbaby.com,zS3E!j`%9rPM0HD
550,jgorrissenf9,kwincklef9@mlb.com,vZ0.&ncvKiix
551,htesseymanfa,hbreinleinfa@geocities.com,mY1%ecde
552,bbolinofb,akoselfb@blogs.com,wM6_jVJxdFOu
553,mespinhafc,mkinahanfc@google.fr,dQ79Fk.K\6
554,cburgillfd,alalorfd@cnn.com,zC8MWfm_j<Q#&j
555,mnurnyfe,bfiddemanfe@blinklist.com,dK4xqlaeU&7>6
556,lpetyaninff,fbrightieff@discovery.com,qA5ZiQt7f'}x
557,fkersawfg,rharraginfg@nyu.edu,pR9`Jt0Zc=R(3Y
558,fklimczakfh,fscadingfh@cocolog-nifty.com,eD5hgNcWX*Q{a5?8
559,ckomorowskifi,msponderfi@themeforest.net,"nY9NS,(HKKy,"
560,cmctrustyfj,lstoilefj@dell.com,kF4aJ1c@
561,hstansfieldfk,kmahadyfk@redcross.org,eW7(+2(r<f*7c/T
562,kkyffinfl,hcurlisfl@privacy.gov.au,eC6$\/Jw>qkXkX
563,gvenablefm,omatyushkinfm@forbes.com,"yC4\BIx"""
564,vrathjenfn,krichingsfn@diigo.com,"dD3y""L}aWG"
565,cstonelakefo,smowsdalefo@intel.com,"iZ9TV@4""AJ"
566,bhesserfp,kdunckleefp@chronoengine.com,wJ1kKjzCN`7|'|
567,jfarnillfq,ntrussellfq@biblegateway.com,pK8u@G$YlPm!
568,vpleavinfr,tduplainfr@list-manage.com,tE75`X1c>
569,lstonuaryfs,gloinesfs@shareasale.com,"uG2,VZCM"
570,rogavinft,bmattackft@npr.org,oX0a&xTRa$AI)L
571,mandrettifu,slavinfu@sitemeter.com,tX7ASJF\6dawBCP
572,sprimefv,oblankhornfv@redcross.org,dT8P#Ruv
573,kadshedefw,ffissendenfw@com.com,yG3Q!siB
574,gtuppenyfx,bgrzesiewiczfx@woothemes.com,"aD4!D`IJv*Q$"""
575,smionify,cjachimiakfy@stanford.edu,"kB2@N,FKU6CM"
576,tseldnerfz,kcockleyfz@paypal.com,xS9Xzi(`K1$1a
577,hdingg0,jroysong0@uiuc.edu,dT2fDZUA5q\G'
578,rchevolleaug1,ktalletg1@studiopress.com,"jX2\'o9@""y5?@ePm"
579,jpattemoreg2,rhamillg2@gizmodo.com,lY5?Qmx#79m
580,dshukerg3,jpughsleyg3@spotify.com,pN8uo.$MlZD&X
581,jworthingtong4,dcrakeg4@ycombinator.com,rK8'c2PO
582,mcicculinig5,bwapplesg5@purevolume.com,cA0v4O(vj
583,rshevillg6,ldanterg6@hc360.com,"jE12(,ah3I"
584,tbaudetg7,tclaigeg7@flickr.com,"lH2s2nl>gq""V"
585,klibbisg8,lduforeg8@time.com,fD2Q0BGlHv%6
586,epearseyg9,rcrudgeg9@bloglines.com,pQ6@}z`Oj'4=F
587,cdebnamga,jmannockga@ucoz.com,oD9/0hWc?YVlH
588,kbrettlegb,rnecoldsgb@chicagotribune.com,nC9}=ECW3Sz
589,frowledgegc,pstuffinsgc@whitehouse.gov,eT0iM|gWawy1ZFWf
590,rbaughangd,lpolakgd@csmonitor.com,yK2M(MBf99Hju<
591,wvysege,bbrooktonge@bbb.org,vZ5{33Fh
592,bhruskagf,mhercockgf@hc360.com,vS7Xs=/8
593,gemminsgg,opalingg@nytimes.com,kC6QJlq)
594,agwillymgh,bmorfieldgh@nbcnews.com,yO3lAw=fPQO6'4g2
595,ehammgi,orymellgi@huffingtonpost.com,qI2O9KyE3
596,gdossettergj,phallengj@histats.com,lQ2(6{j*us`
597,aburgettgk,rfarmloegk@pinterest.com,pP6y3bxN%%?m@fIY
598,jbirkenshawgl,sflamankgl@indiatimes.com,wV0?`~Q<ifx2WI
599,aempsongm,calstongm@fotki.com,yJ5Gd\+5*Q
600,mlutschgn,jenterlegn@mozilla.com,xK3TOG6+\XDgQe`B
601,bnightingalego,cwalrondgo@salon.com,bU4VUk$|F
602,cmosedillgp,rmontgp@state.tx.us,iD2qId3|r)tqt
603,jkivellegq,mpakemangq@i2i.jp,qK5Jx|LhDG(
604,lalabastargr,nmilthorpegr@gnu.org,"rA92i""ta"
605,nalyoshings,ydurrangs@woothemes.com,tG9Mw#EY19
606,tramirezgt,dwittygt@nhs.uk,"dU7LE7""+}VJbw"
607,rrivlingu,glightowlersgu@networksolutions.com,fQ5`$HNrvm
608,snaisbygv,gchaudretgv@51.la,dD5v8`x*ga='Lve
609,psaddlergw,tmiddlegw@theglobeandmail.com,"yM5@P""o6W"
610,gbooleygx,dsoldnergx@addthis.com,xM0>18s$l2.~Y@
611,ascaplehorngy,apurselowgy@vk.com,mA3Atau1orzC!
612,ltreppasgz,cthornbergz@sourceforge.net,dZ0*4tm~&4DYM4m
613,fhaackerh0,edenecamph0@ifeng.com,yK2#/`pLa|M9Urt
614,zfutcherh1,kputtenh1@pen.io,"vC8""RG>}i"
615,mkornyshevh2,ctaberh2@ycombinator.com,mW8P<0C+ZR@TRrO4
616,bbartletth3,fbeneixh3@blogtalkradio.com,wZ6xfEEUEWc
617,rcourteneyh4,jpasfieldh4@goo.gl,sP22p6#>j
618,mgoakesh5,wgilkesh5@meetup.com,kZ7qViiwg3%`rz
619,kflackeh6,mcurleyh6@dailymail.co.uk,hI3lC'VU
620,lhendrikh7,dgorgerh7@wufoo.com,aI7DSd2$
621,ckittleh8,jmityushkinh8@usnews.com,lZ6HJ}!6rA
622,cpattleh9,kmainsonh9@skype.com,kI6sgbMRN@OB@lxo
623,dwoodesha,mmccaghanha@youtube.com,"pX6,w&AhBu"
624,afonzohb,ogounethb@cafepress.com,"tW0'RF~Q4*""#=Z?8"
625,djeandillouhc,lsabeyhc@reverbnation.com,oP0|ix=/T`s`0eTX
626,ysupplehd,nedmandhd@noaa.gov,zX0*P'6w($V'zb
627,dlockeryhe,nyosselevitchhe@amazonaws.com,wA2\&2OyhhU<xJ
628,xmurkinhf,tkimptonhf@cam.ac.uk,"rB8M(""PaDCg"
629,lsulterhg,aearlyhg@etsy.com,mC0seust+znC
630,nlloydwilliamshh,sfowgieshh@ihg.com,rU1'TEH{PwtRNm
631,eunderwoodhi,ahedlestonehi@multiply.com,hE94nTJ(0_
632,bkemmishhj,jfiddymenthj@a8.net,bD7a@FJL{cgE15B
633,abampfieldhk,cdaxhk@mayoclinic.com,pS2\yPfnaCk%
634,mellisonhl,udundridgehl@nytimes.com,"fF9cr|})9So""d"
635,zickeringillhm,wvanhesterenhm@amazon.de,sM7HKIWi>75
636,kivanenkohn,clacroixhn@xing.com,pK5dPebZ$
637,jfalkinderho,dlinzeyho@exblog.jp,qH3o*RqH(_F(
638,ntwelveshp,abuiehp@nytimes.com,"vT065)oy""8j?p"
639,ntwelveshq,tjennemannhq@hubpages.com,lX0c._ck|Bs(n
640,eradenhr,kfisthr@illinois.edu,lX6kLS~+B$0C7w
641,hantoonshs,svivianhs@booking.com,rF7zw4oiHWMhjij
642,astarrht,lmurrigansht@upenn.edu,pX6n>Ljs.GZ
643,brobbelhu,qweepershu@imgur.com,jF5tbe?q
644,cgawhv,bthorbyhv@photobucket.com,cP1z@!`%3@AJ
645,meidlerhw,fsatterthwaitehw@clickbank.net,gX7@j8HNb
646,emcgettrickhx,ghabeshawhx@usatoday.com,fN7hn{j~bD@Yi2
647,gmacgrathhy,pgrievesonhy@timesonline.co.uk,cW8aEWxhr8*DX|
648,arastrickhz,mthackehz@ox.ac.uk,sD3vH4jm`x1r
649,edaringtoni0,vrunacresi0@friendfeed.com,oK7n.Bdrp
650,soutlawi1,llenoxi1@admin.ch,xY6@#dc65#ad'
651,rkitneyi2,klinkini2@pcworld.com,rB4O~AuADp'DThnD
652,crauprichi3,kfarishi3@simplemachines.org,pB9s5zwoV@v
653,jlongmatei4,fjaulmesi4@wiley.com,"cW1'M,Et"
654,mgerbi5,scrowdsoni5@ocn.ne.jp,"dO1t{=sA,&Catst"
655,tmacritchiei6,gogeri6@msn.com,eL5U}.WrRxk
656,ltrewhitti7,ldiaperi7@amazon.com,pN8As(w+$UI~
657,vwhitleyi8,kfarnhilli8@goo.gl,"nE2Az@,89OR$$dp0"
658,gcallabyi9,wcasalettoi9@harvard.edu,"uB148y,\tMk"
659,cbastableia,mberkeryia@domainmarket.com,oR4D8tvFTp2c2tk
660,pgallgherib,aalyonovib@xinhuanet.com,oZ0'odcgl`Hj_9H
661,rbelleeic,mcarolineic@histats.com,zR2/9b_|d
662,dlatesid,akolodziejskiid@smh.com.au,wE4h|qnsWkh
663,rmickleboroughie,tthulbornie@foxnews.com,mE36_K*Ab4
664,hpetrinaif,tmeindlif@engadget.com,fL4'~*BTcU'?efI@
665,tdaileig,bhundeyig@surveymonkey.com,uC34j!FmT)
666,bleadbetterih,lheadsih@dot.gov,lU4lT't)ojU{!%9S
667,aprueii,kespadaii@gravatar.com,vN0)*WVF.
668,iheakeij,fbezantij@youtu.be,cU7y_@F<{
669,rcuniffeik,jbraysonik@cmu.edu,uG0ioNv%2JyVo?I
670,fduplockil,hcolwillil@guardian.co.uk,xL9o_sQ1rM'?y*q
671,kshilitoim,cbrownsmithim@utexas.edu,kH6t+uvU~BOF'
672,gfreynin,kchadin@go.com,yQ3Nke+70%~
673,cgrigorkinio,rmctrusteyio@de.vu,zD4Bk?Q}iH
674,tickoviczip,fskahillip@blinklist.com,vO1*Bb4'BB~
675,cupsaleiq,lhartilliq@skype.com,oB2bU0C8/.Ek
676,cpuveir,bbidgodir@biglobe.ne.jp,jL8O?h<@iXrl\G
677,phineris,scadremanis@google.ru,hR0nD*Q1?W
678,gcullingworthit,dhinckesmanit@google.com,fV70U1T*>
679,jmauniu,gbraveyiu@sina.com.cn,"qN4PJA_IAJv|""s"
680,qhuddartiv,mcicconeiv@sina.com.cn,vN8JOZzLhqZu=fVd
681,mmillsoniw,mchaloneriw@google.it,nG1Xcjwa
682,doheneghanix,dtroopix@buzzfeed.com,dE2%$=J@=eBm7Ev
683,mbohljeiy,msnadeniy@yale.edu,qK7mc|hO!}C@U0?A
684,ddrayeiz,gdelazenneiz@cornell.edu,mO3eOGRrwu`6OT
685,lkenewellj0,bshovellerj0@gizmodo.com,sS2f@CM9W7T##
686,csacklerj1,crummerj1@yandex.ru,oX2UK@vc{04R
687,cbesnardeauj2,jsparhamj2@archive.org,mO2XspkZ@
688,cstifej3,ncurthoysj3@springer.com,jM6J1bTsUdD=oY
689,jsmeesj4,cdacksj4@altervista.org,qP4x/g#nbWEM$n
690,mkarpj5,kheymesj5@theatlantic.com,iL47*KG3nf'c5kn_
691,hsatterleej6,aloadsmanj6@1688.com,lR1lYHV{Wt?~>9
692,odaffeyj7,dmcphilemyj7@cisco.com,jJ8mLfI<
693,sgalvanj8,dyeardsleyj8@toplist.cz,yB3Dd)Y@GF&`L/O
694,skeningtonj9,egerretsj9@vkontakte.ru,zP1w\fq/Gjss
695,esellanja,hwernherja@chicagotribune.com,cM12ls2r6q
696,dpearseyjb,dlonglandjb@slashdot.org,qK1`1dhTb$'7axd&
697,rnicholesjc,sbremondjc@chicagotribune.com,gW5TOqJ&urA'>
698,gseeksjd,bbeswickjd@123-reg.co.uk,aR7|($>1+o
699,sshelsherje,bjedrachowiczje@indiatimes.com,"tD0l#UH,v"
700,alilleejf,owolteringjf@reference.com,tB3}A>|?#o?
701,iwinsladejg,rreddyhoffjg@flickr.com,lD7zQ5{fT|tGz
702,wdominguesjh,gishakijh@dyndns.org,lS3x#OzZCA<d8
703,mduplainji,jduddinji@toplist.cz,"iB2ff!,eL#)M?V"
704,wfairmanjj,lgauljj@trellian.com,pY80GE%QRc2OgVV
705,hgoodalejk,bvannuccinijk@engadget.com,qL4Goi~?5<gdj&
706,jprimettjl,rgreiserjl@virginia.edu,gS9qg+r#@RwLpt
707,bleprevostjm,ahatherleyjm@epa.gov,sN1s4w(U
708,dmesiasjn,hpallaskejn@bbb.org,"pX5_""#w_"
709,ksommersjo,brathejo@netlog.com,mM7+K>qnGdF'
710,gummfreyjp,cbillsjp@unesco.org,eS7>\~&+YQRLI@f
711,bdanielejq,sdrainsjq@shop-pro.jp,"vF3,!rz@ba|,8Z99"
712,jferenczijr,lsantorajr@ox.ac.uk,"oG6T/3,4d'>x"
713,kpoolejs,eschruurjs@microsoft.com,tM1X7SDM{K`g{
714,gstallardjt,kcallowayjt@sitemeter.com,"nN2$ba|S""/M6"
715,nmoutonju,gsparshettju@fc2.com,sO5umL5asF)m.I
716,jkmicickijv,aaldamjv@sohu.com,uD6I~?29||#$
717,ineenanjw,breddihoughjw@quantcast.com,tK2d@ZD8
718,edraiseyjx,kcaffreyjx@blinklist.com,"oL8"")L3Y5gP$N"
719,asouthwoodjy,cfarnabyjy@xing.com,tH8oJ=0.4
720,nnecrewsjz,rmalebyjz@latimes.com,rS9>F`B?(
721,mdenverk0,omiddiffk0@timesonline.co.uk,dR7KD?%of?&8Nu
722,karbork1,agarfieldk1@storify.com,nP2JZNu7&.}`)z
723,cbaudinotk2,bpaschkek2@slate.com,tP3P*2W0(xn}}
724,cmccaskellk3,bmaccaullk3@seesaa.net,xH0X8W+@i
725,icossark4,brungek4@ebay.co.uk,mO5ci${%da
726,nheinrichk5,ddobrowlskik5@networksolutions.com,hZ8+ZYiYz
727,sgruszeckik6,qakenheadk6@jimdo.com,sT336'o%T#+y2%R
728,wdunphyk7,bmearingk7@lycos.com,dN1NJyZ}(s6
729,cpriumk8,fimlawk8@yellowbook.com,jB8Ao8rQ#+
730,bpaylork9,awhallk9@discovery.com,vE4Zv'`#jJU1`
731,hfrakeka,pcoghlanka@tumblr.com,uS74UBsE7g'G
732,goulnerkb,agooderekb@vinaora.com,oQ9Gn``Hj==crX`
733,tlocknerkc,hrobertshawkc@infoseek.co.jp,"uH7|q0+&kTb,h>"
734,fpinnigerkd,ktofaninikd@multiply.com,oV0wt0=XH_*=0C
735,mpybuske,agorrieske@tinyurl.com,"qH2,,I<_gD'oNGf)"
736,ewilderkf,dtarquinikf@friendfeed.com,"dO3,2PTW""}vohOc"""
737,adunlapkg,jverekg@oaic.gov.au,"qT9nRiG,Y15ap1y6"
738,tblaszczakkh,tfaustiankh@geocities.com,kY9z50dWd>8&*ION
739,lmackenzieki,lsitchki@army.mil,vA3#7Jv~
740,pbremleykj,hchaneykj@rambler.ru,xE1mRw%uYN%
741,sgossipinkk,lmonellikk@slashdot.org,uS38`Vix(N/w
742,ebosworthkl,sdrayseykl@4shared.com,cS2}0d'My&Bu
743,hgomerykm,ctusonkm@csmonitor.com,hC9r$$%E1ddth*
744,mmacdavittkn,etyghtkn@webeden.co.uk,eF68WO(I
745,cklimkoko,ocessfordko@about.com,lS1.sQ+*f2S/NC
746,gverdiekp,aorrykp@zimbio.com,iT20#1ttB~t
747,gbellefantkq,lvasickq@netvibes.com,sK0#H{?\S0
748,mfarokr,rbuckbeekr@cisco.com,nL1#i|6F+>i$
749,msargeantks,thimpsonks@jigsy.com,uZ4{EoIia
750,ptupperkt,zgrichukhinkt@walmart.com,rQ7n~'<s
751,ckhilkovku,gquaifku@merriam-webster.com,nL80hTbL
752,ccortheskv,cerrickerkv@discuz.net,uC1m|n|x8e
753,dglisonkw,bkleynermanskw@scribd.com,dC8{_`+\G#esL8
754,bdivisekkx,fmessierkx@boston.com,lX1=0!HUPD0M
755,tfeechanky,ecollipky@networkadvertising.org,yG9h'9f?AK
756,mhallumkz,bpembertonkz@slate.com,yC8>6Jc}EK
757,cedlynl0,kciceronel0@state.gov,zL9DPo*sQ)/y$
758,jkrollmannl1,bpiggensl1@php.net,mN28$+NFt
759,losboldstonel2,pwhatmanl2@g.co,eZ08LzZPq
760,mfitzsymonsl3,kbearel3@reverbnation.com,aV0I*JYS(OI
761,wclemmowl4,ideeml4@vistaprint.com,eQ6?PMj?*?
762,jmclennanl5,brubinlichtl5@independent.co.uk,aE6N0wK+
763,knoonel6,hroystonl6@meetup.com,eW50~kdPx`TR}q?
764,nhallowsl7,aringselll7@msn.com,eU4\otyUx
765,gpothecaryl8,mmcgaughayl8@dell.com,dM7Z(*Ft9WV*P
766,tdurrettl9,jbarterl9@elpais.com,hB8NsSkQCC`=}L
767,bstentla,lbrecknellla@seattletimes.com,tZ1HWLUceG~
768,marneylb,sdacthlb@cafepress.com,mQ87`!''rG
769,phinchamlc,hsevierlc@wiley.com,"nS79'j,.EhA"
770,jbarksld,dhayzerld@squidoo.com,uR9l9y9y
771,cbuckenhillle,gbeardsellle@sitemeter.com,oU0Cv|\Rd0>6&{
772,evlasenkolf,wsatyfordlf@amazon.co.uk,vR6}3'yvZzr%'T5
773,vhumbielg,otyelg@etsy.com,mY0rj@1=)E2m$4E
774,adomellh,jlaimablelh@ucoz.ru,mK6@6sYkj
775,edyshartli,parchbellli@ca.gov,eQ1Wo)J=Dp{W'(
776,bsimenellj,bdunthornlj@about.com,bF1s5u.kWbDeb4KE
777,mcrewelk,rswainsonlk@gov.uk,gL8R9MCPNCRA
778,wgoaterll,cbanisterll@scientificamerican.com,bD0oy>9G*edpL
779,mchalmerslm,lorderlm@telegraph.co.uk,bU79d1%NS
780,opoundesfordln,kashpoleln@sfgate.com,"oI23&OYVA\8,jc"
781,utregennalo,eshakesbyelo@amazon.co.jp,"cT2sdi!v"""
782,hborelandlp,vlateklp@cnet.com,kF3csHpZ
783,tmelmethlq,ahiddersleylq@wired.com,eM3_zCRl
784,nivanishchevlr,mchristenelr@tamu.edu,pI3#?%#I
785,ckeuntjels,dwhitleyls@pagesperso-orange.fr,mD5$!I3q@
786,clittletonlt,nhabeshawlt@engadget.com,"gP6x|hA,"
787,mgertlu,kadamiklu@smh.com.au,cF20`JxR
788,ccallingtonlv,cspillanelv@i2i.jp,qZ1vI%VH
789,osprylw,kcamelllw@vk.com,mA7U%Ru*9G{Oqq
790,showgatelx,gnurselx@earthlink.net,"dX43_T/$,,*bFNE0"
791,sgysely,imetzelly@howstuffworks.com,vL2@{H|LY7!GYLb
792,nhendricklz,mmcgirllz@123-reg.co.uk,cI6}5Iml#6Qo}
793,jempsm0,ahannawaym0@uiuc.edu,fB2z2egP
794,wallsopm1,jtomischm1@cnbc.com,oM4/*<y5tmM_3e!i
795,aambrogiottim2,cgwalterm2@weibo.com,vS37aG<k+=SWx%
796,rthewlessm3,zgateshillm3@flavors.me,bE6B9gNt\
797,aoconnellm4,gsabatesm4@parallels.com,"cX8yU""o{|<lerF\"
798,bpontefractm5,ltamasm5@uiuc.edu,jA1#V.bK8N&NEZ
799,atonerm6,pgrigorkinm6@army.mil,"oS1rCnH_b""L5~V/"
800,hugonim7,okauschkem7@jalbum.net,"kY47u,7)RnSGi6H"
801,rcoulsenm8,tplaisterm8@tinyurl.com,gA8+\~/JDh8d
802,rmerrywetherm9,dgovinim9@alexa.com,vK5EDD7}k9C
803,disherwoodma,isoutherillma@unesco.org,vU2hs4#NmXjJ2''
804,dshenfischmb,cchilderleymb@wiley.com,mB1\IZgR
805,mcowgillmc,tdevannymc@xrea.com,lD4(E>zmzLGHF
806,cmennithorpmd,amerigeaumd@zimbio.com,tX8ch.`4
807,hdibbenme,mkingdonme@hc360.com,mS4Cy<c&}Xh
808,gdibbsmf,klinsteadmf@businessweek.com,"zE6xUuV@Gj4pW0,B"
809,sriccellimg,cfetherstanmg@dailymotion.com,eT87Ge9`VDf``l#
810,ngeorghioumh,ecapinmh@dedecms.com,hZ0*atdwR\AOart
811,jabelsonmi,aashpolemi@phpbb.com,vL6g4*gq
812,dmoisermj,edeblingmj@ca.gov,dU0\N|(D8i9a
813,cdandmk,laudrymk@merriam-webster.com,aG0~67a2ng6_V
814,asailsml,awalsheml@lycos.com,oR0o_2$xPEB87vLt
815,jterrillmm,hwickinsmm@arstechnica.com,iL1TUS5_?L7z
816,bcuppleditchmn,dkeseymn@trellian.com,iW7rBiwx_
817,askeatmo,nedmeadmo@redcross.org,kY2_g2R`Q=.Ke'#k
818,nvigursmp,eprivostmp@a8.net,yO7!.7R@hydQSV@
819,nfranklynmq,kdaughtreymq@wisc.edu,lZ2l7pbU>L#cI
820,pmaddersmr,gphilipeauxmr@theguardian.com,"gA4c&(,_"
821,lgaulems,rwitherspoonms@ask.com,bS7H#mpYxb)}z
822,rtommismt,pleaskmt@mac.com,"lX40Ebq+W,/,A""6u"
823,twiddmu,rolifauntmu@xing.com,hU2(JRunu@
824,vselvestermv,fbonhomemv@unc.edu,hJ5Nkqk3&PnLu~w
825,gmalamoremw,pcroshermw@squidoo.com,qD2j<))+h=}WYvc
826,kkolczynskimx,cfrankommx@discuz.net,xS2k3`KF?iz}
827,ccherriemy,blindwallmy@gnu.org,dF9c)Y/C
828,jtoquetmz,rbellwoodmz@mapy.cz,eA0G32#d#gIr=+zD
829,adetoilen0,stomaskovn0@about.me,mY0G''@K
830,ftammadgen1,mfeatenbyn1@wufoo.com,jH4_d4#xM
831,hinfanten2,hllorenten2@hhs.gov,"sB6OOj*""K3RPjM"
832,rheinonenn3,tkidnern3@bbc.co.uk,tH85D9e$gWz>~9h
833,nshinfieldn4,kborlandn4@reuters.com,bL5!1+xA=SBJ
834,cgisbournn5,wmethringhamn5@weibo.com,uZ1#Sz'MP`
835,hdumbellown6,nochterlonyn6@sun.com,lE6CC)>vx$Ik_I
836,dkayzern7,aodriscolln7@studiopress.com,"kI6k""UIatd|Pr/BP"
837,hjedrykan8,tdoughtonn8@rambler.ru,iT668aUlYWdxY
838,gpeilen9,bbillingn9@theglobeandmail.com,sO4@ZV39cyK|j9
839,mgonsalona,mpuesna@blinklist.com,fG3(`Sj3
840,cblakesnb,ccasleynb@networkadvertising.org,iA8`u7|erV
841,pgoldthorpenc,pocrevannc@techcrunch.com,"uI1=,""W5Uj29"
842,tmollittnd,dlamdennd@amazon.de,qM9r|P5!=Wn<
843,fdelatourne,noreaganne@youtu.be,"uL2xfeQ""2V'+>cJ'"
844,wdrewcliftonnf,tcottamnf@state.tx.us,"hJ8""2?#?.Z("
845,bpesterng,dprescoteng@feedburner.com,tY9t9hfmz5
846,pworhamnh,cgimbrettnh@stanford.edu,hL2AzR>q6
847,echaddockni,gbenitezni@lulu.com,lU4!bY6Iu%&IZ
848,esuermeiernj,orobertsonnj@sciencedirect.com,pR9.ToDg
849,dfoxcroftnk,wclaesensnk@aol.com,wH2|r_P9{MWaKe
850,amacmarcuisnl,jwarrellnl@sitemeter.com,tH9@z%IqS|FQ
851,aspaingowernm,rbrumhamnm@bizjournals.com,iI9R`6nf>@#8Z
852,rallflattnn,oprettjohnnn@ning.com,lD3~kEj+`jG~_9
853,dfoskinno,wdoreyno@jalbum.net,"iT1j_pcQ@y""o"
854,fcauldernp,maindraisnp@freewebs.com,dI4ssu74m8`D
855,hbielfeldnq,sdurienq@shinystat.com,vS03ub~twDks7
856,nprettejohnsnr,gkachelnr@opensource.org,iG21*3FL9d}VD
857,aliversedgens,dgeorgns@abc.net.au,uG4frWA(!r/m}G>
858,ghundleynt,rpiegroment@themeforest.net,uI4)&#A_&d.qz*(>
859,vheathornnu,kkopfernu@europa.eu,aQ6EO`{<5k7
860,cparisonv,amccallnv@clickbank.net,lZ2sqw1_F
861,dortanw,dculwennw@amazon.co.uk,"tQ7$u""*cEi5PkJc"
862,jputtnx,ggerrennx@salon.com,rA93&dr(
863,ddobrowolnyny,pduerdinny@flickr.com,gJ2'f)A)ybm(@Y}
864,holooneynz,craritynz@shinystat.com,"yN4""kvM3`s@9U@'q"
865,ekleino0,jmclaineo0@hc360.com,oH4uL3'VHp*
866,ngaskino1,tknowltono1@xinhuanet.com,zT7KDUk51p=
867,tcoodeo2,bjaggo2@harvard.edu,"dQ37_%""_@"
868,smacilhencho3,dpaceo3@altervista.org,lC5fg$>jTZY7K
869,jserjeantsono4,rpaulouo4@clickbank.net,iK5PNjH=Gb
870,hadmanso5,mscargillo5@ebay.co.uk,"vI9{qlEn,+"
871,hmonteitho6,ccasoo6@facebook.com,qT70}w)looHa\_vA
872,dkerneso7,abiancoo7@miibeian.gov.cn,"mE7s""{*v2%.UJ"
873,adecastrio8,fmorrotto8@technorati.com,"uD8rhS.M#7bd""$ka"
874,lgenneyo9,sklischo9@icq.com,lU5#2P(%|H
875,bgabbitisoa,oameerbegoa@gravatar.com,"mM4GmO0+yRh}""5v|"
876,lspiveyob,awressellob@fema.gov,"tG4#Yz#,''ZV2dl"
877,slillooc,fseymeroc@usatoday.com,gL0h6fGyFJZ
878,ragerskowod,jsiseyod@icq.com,nB0)D</5Y&9KWu
879,jbachellieroe,aburnsalloe@wiley.com,dX2_+Tfv2!k9
880,mleverichof,ojaslemof@csmonitor.com,kK9z})zfpNax=V
881,glancetterog,sgoodouneog@census.gov,jW4{0x@&hNEDoe
882,gdanyoh,bmacmanusoh@4shared.com,dL3$c!8oT
883,dechallieoi,gmazellaoi@google.es,rJ6i/CZXp
884,cwollardoj,ctummasuttioj@wikispaces.com,"mC7T,<aLWzCx"
885,jlatehouseok,sdumpletonok@illinois.edu,zH1YJQErG1~+g
886,ldepkeol,delcoateol@dot.gov,cZ7|TZ8#T&048NT>
887,lchurchinom,niansonom@psu.edu,hE3E~6\nG
888,dguidenon,jmaccookon@booking.com,oM8s._WH`W(zs
889,ksouthamoo,hwhitenoo@xrea.com,bG9CDX|6$3(g*`
890,mholmyardop,balsobrookop@disqus.com,vL4c$DnPe<D7+>~
891,wcollingworthoq,eraymondoq@usa.gov,eN8*bN97C
892,sdiclaudioor,cebbensor@vkontakte.ru,"aC1CC))"",Z}m}"
893,dboldtos,tcanteroos@icio.us,kV3ncSxw(c8F
894,isuterot,hruskot@ted.com,pD39HhhBMe~
895,gklimovou,ftesimonou@jalbum.net,yA7wjU&mgk
896,djopsonov,ccanasov@sohu.com,zI44xfG~F_y5pIq
897,kgennerichow,ahouchenow@mediafire.com,aT18YHo(R
898,rkeachox,gainsleeox@nba.com,nW98R8b\'
899,gtomasioy,mpountainoy@webs.com,eW0>/ZM7B060Dk=|
900,wrudledgeoz,aclaphamoz@china.com.cn,lP2I$\guTLPI$xd
901,yiliffep0,btimothyp0@about.com,yP2oGHhQQc
902,kribbensp1,leadsp1@telegraph.co.uk,"vQ3(V$piA,'h6"
903,ftookep2,ebrumbyp2@pcworld.com,tV3n<8`f
904,kenstonep3,hzecchiip3@youtube.com,iC9vgC<L8
905,rhighwayp4,ggiraldonp4@youtu.be,mN3'4%8QJy&oFiP
906,hessbergerp5,jcescotip5@miibeian.gov.cn,yF8sPyJSShQ$GSc
907,tcouserp6,larthanp6@pagesperso-orange.fr,"yI8i,2IzG3X5}87R"
908,blawliep7,hwhittakerp7@ustream.tv,"kM8=y""\gT@C"
909,frogersp8,jryvesp8@youku.com,yE7(Wy4&t/D/RZG
910,cbaultp9,jabreyp9@last.fm,sK9Nl`>c/+1ZZ
911,jantukpa,hmcgibbonpa@infoseek.co.jp,"rJ5zR5J<w,k"
912,woughtonpb,mgarettpb@ftc.gov,qU6?T<8#3N4olk
913,bhendenpc,rcabanpc@rambler.ru,aH8qZ6&8M
914,jadnepd,sperrypd@examiner.com,nH3gANu#DZ?+2
915,apaceype,hdurbanpe@arizona.edu,"rY8%<Cj,"
916,tgammadepf,eserjeantsonpf@bigcartel.com,pM1<B7i&)kOh
917,rmckendrypg,ssmalespg@umn.edu,jM1KWhvkH
918,pempringhamph,wlippettph@un.org,sN0?nGdpPC
919,kcouthardpi,twallworkpi@nature.com,"jH7*#""9!_u"
920,eromapj,jclapisonpj@miitbeian.gov.cn,gU6pg.g.|N
921,mholtumpk,cbondepk@google.nl,yT6=(22}=9.Tyk
922,rtourrypl,rsergeauntpl@gnu.org,fA1UVF5lMt
923,kherkesspm,bmanginotpm@ocn.ne.jp,gU7<`9DDd)3lsOld
924,dbuckberrypn,zponcefordpn@tiny.cc,tU8UJSi$MELC*J
925,moughpo,bonearypo@intel.com,sS4RTWA`fhrXK
926,shecklepp,kchelsompp@opensource.org,oX5Vo3mumd
927,amurraypq,bmccallpq@istockphoto.com,cS87R2rMY
928,scavnorpr,jbailiepr@intel.com,rP4t50#`DSnxv.l
929,lmckeneyps,mjeandinps@prlog.org,mO2H#h3+1QdK
930,tcheesept,jallbutpt@wiley.com,uJ1(zY.k)$#|
931,byersinpu,cmccoughanpu@ehow.com,xD6$zf`b%0<
932,tgiggspv,mgudahypv@symantec.com,nC4ZE##pW9jQ
933,lstockowpw,mrowlstonepw@geocities.jp,jC5ku&SA}zR
934,nlathwoodpx,kbeddowpx@bbb.org,kC8XB*5`wN
935,hcroxleypy,mpumfreypy@diigo.com,sV4q0k5jsiu=8cq$
936,krobloupz,gjuszkiewiczpz@netlog.com,eM8IAAam
937,tvautierq0,tfalconbridgeq0@w3.org,gK6mn8Jd
938,cjoppichq1,amccraeq1@pcworld.com,hM9P*ci3~S/
939,lbunceq2,cmcconwayq2@boston.com,bG6|v%*!e$q\
940,gplevinq3,mspencockq3@ebay.com,oD66(}{A(
941,whutchenceq4,atodeoq4@nbcnews.com,"cO1t"">0tMva@NG'"
942,awharramq5,atwintermanq5@chronoengine.com,"cD0BbDZ3b""\z32"
943,csalanq6,rcammiemileq6@uol.com.br,qG5k!Jell
944,bretallackq7,oabbeq7@comsenz.com,rY9&R6V@nZ2U
945,creddingsq8,ijellicoq8@cisco.com,dQ2Cy'ly/a
946,mcopasq9,bgaryq9@joomla.org,"tK8aM/i%X"""
947,ccolliberqa,avanderhoevenqa@miibeian.gov.cn,qB1#22Jfy3or
948,kpealingqb,abridleqb@foxnews.com,nF5Nrv?l
949,glornsenqc,padnettqc@t-online.de,aV9W=C%##IpP\nmi
950,bedsonqd,hrobackqd@fotki.com,bU0>W94O*
951,tkimbreyqe,ssandonqe@state.gov,"fQ0QQdm_FkHg""Vy"
952,wcaddensqf,gdrageqf@imageshack.us,bE8C9$HUdb
953,kbrodestqg,rbradbrookqg@theguardian.com,qE2izbvkc
954,wgilbyqh,hmccurtqh@dailymotion.com,uE2HqNRdJxj@
955,ajenkynqi,kbrideauxqi@eventbrite.com,iB9Oo*qkDs
956,gwisdenqj,aremerqj@wufoo.com,sD5Jh=PPdU%%ah
957,cbunclarkqk,gdominikqk@cbc.ca,hX2EZQB&H
958,asimql,cpentlowql@ca.gov,uX9U@h*_}4@
959,cgraalmansqm,ktonkinqm@pen.io,"bO7lY7=J~gOs""fk"
960,jgarthsideqn,bcordellqn@yellowbook.com,uB7+RxPe#F.t
961,lreinqo,lpalesqo@sun.com,hM97n9?$&t*
962,aaindriuqp,gfannerqp@cmu.edu,bZ3b8iT$90T@a9
963,ccappqq,fguppeyqq@google.cn,fV9JQCqcuX
964,btomkinsonqr,tgrassiqr@canalblog.com,mI4Z.P+CE
965,elempennyqs,oburlingameqs@is.gd,fC4Y!L}+4)Jw
966,cwillshawqt,ddomengeqt@gmpg.org,bE3+l8SEON/vgb
967,jrollerqu,ggarmqu@noaa.gov,"yO7kOTl9E""~0er"
968,hbreakwellqv,btalkingtonqv@europa.eu,gK3PW2nv#?
969,vgoldineqw,omccawqw@dion.ne.jp,jQ8\)H$7.
970,mjindaqx,ealdrittqx@weebly.com,vG4O>nF!<H
971,ihucksqy,bjewkesqy@cloudflare.com,"xO84z,+*Jesd{v"
972,ebaumertqz,mluttonqz@telegraph.co.uk,fE2O(AMLA$
973,blakeyr0,lpenrethr0@nydailynews.com,"tJ37~rQ""Xi`"
974,cmullaneyr1,mbeadnellr1@ehow.com,oL3Hle~RT4
975,mwoodberryr2,bstovingr2@weather.com,"sP83,""9P"
976,iconyerr3,zhardinghamr3@networkadvertising.org,"cS8,~`KvG8xGsi0t"
977,latkinr4,schalklyr4@nyu.edu,zA2f!QL5&BaUY
978,dagronr5,dlamber5@squarespace.com,jS5NUs7.6wYH/`
979,owashtellr6,obernardonr6@google.it,dL3b~{G=Rg9wVci.
980,sdupreer7,adurbinr7@craigslist.org,gO1#7HFeO=#jct
981,kpinhornr8,rwalkdenr8@oaic.gov.au,mJ4sdpYL
982,ggoadbier9,akumarr9@hexun.com,"nS7j,k?_Ea"
983,dkalera,asongistra@earthlink.net,xL9.KO'2&F$iTtQy
984,branyelldrb,ghulettrb@ihg.com,tX9kA1t.(w0c&Z5*
985,kcarsrc,mfishleyrc@google.fr,kS7N8jx}#e>2K
986,dattewrd,mstacyrd@chron.com,bZ2#%du/eACK
987,dhagardre,hsodare@mashable.com,oJ2%u{1g{YE
988,mpenberthyrf,ddoumencrf@cmu.edu,cN3zB#sBDJa
989,rchuterrg,jheinritzrg@g.co,oN0!1\DaM5D
990,eaxstonrh,smeriguetrh@scribd.com,uU7Wp=YqET8Z
991,ccowburnri,tmarioneauri@goo.gl,"qX7x,DA9JzqQ"
992,ralchinrj,sbaylayrj@nba.com,vK72#&&<k1J9@>
993,mfoatrk,rstantonrk@cisco.com,pN6WF>D+CP!B=
994,csilverstonrl,fkingzethrl@blinklist.com,vV6(V?)To1O8_98
995,wshackeltonrm,gpelerm@japanpost.jp,iC2&Ns*hJ9Yt*~&W
996,tlagenrn,ljeandeaurn@instagram.com,pF5di(w)
997,dteesero,srosenfeldro@alibaba.com,rU8d=UY/IiDm/KX
998,tpeasegodrp,bsyselandrp@163.com,qD8.w!mGkoKHb0
999,tvanveldenrq,cgoodbarrq@hostgator.com,oN1?e$lY_D#RFKy
1000,pkneaphseyrr,llavissrr@addtoany.com,fG43b#F~1
