1,hrayhill0,hfrancescoccio0@behance.net,mL1=Mxq}r2
2,abourdas1,klawlance1@si.edu,uP8)Sm)M'/Q7$\5
3,cbooker2,mleyman2@naver.com,sQ9|4euHL*wNd<g
4,gtaffie3,btilzey3@mayoclinic.com,bB6+g_~KmBHo~=
5,mleadston4,cemmanueli4@usatoday.com,"fQ5,""m3+EhNg}."
6,dolander5,ddenkel5@thetimes.co.uk,"rR5,wi5i_,Dw|aw~"
7,scarver6,jsloley6@apple.com,vP9@jl)=>eG
8,cbeggio7,lbalharrie7@technorati.com,oY2?DyWi398
9,eandrejevic8,manthoney8@prlog.org,"sK9!Px},9'!$.@s"
10,sleborgne9,nharrild9@stanford.edu,yA7|3C+%!irRc5b
11,spowella,wlivetta@1und1.de,bI4=BX6deC?
12,ebowderyb,ygrentb@europa.eu,bQ7>\`(*ji0CRw3=
13,byuillec,sbenediktc@discuz.net,"uQ5~SG?='J8F%Cq"""
14,gpesicd,jchristofold@va.gov,"uR8}0po{}XW""jDq"
15,alorincze,msouthcombe@state.gov,nH7<UnKiK
16,awoodcraftf,mgrewf@arizona.edu,jJ5?`OZa~_o
17,mguageg,gperviewg@usda.gov,"aM3<?<@wL|n{b,&"
18,tmcfaulh,vfarnhillh@posterous.com,wK5$9UE//e)U'$v
19,rshevilli,ifrenzeli@merriam-webster.com,kG8/VA')
20,habbiej,sdahmelj@tamu.edu,"fE2,,>m9"
21,bashbornek,htruckettk@google.cn,aO9&VmKFB5IeiUg
22,tblythingl,anewcomel@dailymail.co.uk,jC1|a3<Q~Pva7'|
23,sdeverosem,ckinanem@topsy.com,mD7'8gxtWg\Di4
24,ngreenoughn,wmionn@guardian.co.uk,"tE5%S*|`""R/!280@"
25,lgillono,mfosso@skyrock.com,iH6!s'A3sO
26,wsoltanp,mvallenderp@statcounter.com,hN3}odnxTg
27,bmulgrewq,hbloanq@posterous.com,eU7$}<~gYT(
28,eformier,kgilhooleyr@wikia.com,kY1'>cZm39>*7
29,bskittrells,dkinnies@comsenz.com,mF5$%!Bf6HL<5s
30,lbenkhet,ggirtont@multiply.com,"jO6?}=FIy#,"
31,klippattu,rdequinceyu@hatena.ne.jp,tZ3)zI_d
32,atorransv,jmcentagartv@istockphoto.com,xJ3!0SloJAwe
33,dnettleshipw,lstealeyw@reverbnation.com,"rQ6""s$)}RE=q#"
34,fteasellx,dgounyx@tuttocitta.it,"gM3""s{,0FkL\"
35,ebrannony,ebenkiny@usa.gov,wZ6$=T1#\}7>
36,rjanewayz,nyerbornz@studiopress.com,"eX3""JM.).W06`T?~"
37,bhabard10,scullity10@vinaora.com,gW9|rIJp(mXc
38,rsexcey11,lstrafford11@blinklist.com,yK3@gOS9i
39,dlathaye12,fmeriton12@bravesites.com,hR6&1kbS
40,vmougel13,plyptratt13@admin.ch,rO7&A#W{s0=
41,mrollingson14,mhaddon14@friendfeed.com,eZ8!z|6?K.
42,blaetham15,tthomtson15@oracle.com,dA6_S$U{t6
43,jmcgaughay16,sruddock16@facebook.com,gY7<SH?KSBF
44,vteale17,tuccello17@infoseek.co.jp,hK0)jo#eyN
45,gmacdougall18,cbeteriss18@yale.edu,"zA8<(So"""
46,igainsborough19,sgettins19@hexun.com,"nI9,8rj+DNc"
47,bneilands1a,mrawkesby1a@com.com,oW6\cp&oO
48,hrack1b,mbasso1b@vimeo.com,tI8+KW32f}oh
49,aleaney1c,jmowles1c@paginegialle.it,fY0@andP3hkobFy*
50,rgaddesby1d,pfincham1d@nhs.uk,cG9`o!!{bC!6J
51,opawley1e,ginnes1e@mozilla.com,"hD3,Mh_?Ox"
52,gmasser1f,emicheli1f@tamu.edu,jH1/>|V>hYuS
53,psproston1g,vcurrom1g@parallels.com,pO0&kKB_b+N=
54,ldorney1h,amiddup1h@aboutads.info,gQ3`}Ep8S||Ecl4
55,rpurdey1i,jescritt1i@about.me,nW4)>b0i
56,bnevin1j,nredish1j@patch.com,"mC8,$@le,y1?"
57,hquinn1k,gmillions1k@forbes.com,yZ5)LU&T+zmV
58,mlintall1l,wbeeke1l@mac.com,vY8)Is+5u
59,ffurse1m,lpentelow1m@sfgate.com,nB3=EWL<AO}v<T>
60,sdenmead1n,bjakubovsky1n@wisc.edu,tY7|+V0fi(G+f3K
61,pmaclaren1o,ppobjay1o@163.com,sG0`'vOWtX\AE
62,eswindells1p,ewhitwood1p@thetimes.co.uk,nV9%B#7UKo
63,nbranscombe1q,sramalho1q@engadget.com,xD3(fJy6q`mxk\W4
64,ssaing1r,jedland1r@tripadvisor.com,uU9>AxMeO#gdh&_k
65,epioch1s,nburns1s@amazon.co.jp,"lA6%Fu""<_N"
66,bshurrock1t,lesley1t@macromedia.com,aR3_5!&<\k6$+qQu
67,tlindsley1u,tmohammad1u@chron.com,kC1@%*W&V
68,jleader1v,qchetwynd1v@paypal.com,"mQ2{,k%|pc\R=>D"
69,mmccosker1w,dterlinden1w@adobe.com,qO7~%!B)
70,mclay1x,gcasewell1x@tripod.com,rA8_I4gg7=<?5
71,dsturm1y,ctommasetti1y@unesco.org,"bL5&HF*!j1uT69"""
72,jtaill1z,sdawnay1z@mail.ru,jD7_FuWD/
73,mgibling20,cduval20@moonfruit.com,nJ8}iap2M
74,jspatoni21,mverni21@hatena.ne.jp,pX3<)FJUu
75,sbengefield22,fegan22@de.vu,lY2$+=&_a/!~x
76,rmckoy23,ewinear23@github.com,bF6(4xS~m\`Te
77,sstrudwick24,kjardine24@geocities.jp,cI7?3PNt8X%(1xQ
78,rwarland25,ssansom25@youku.com,"lO1,fs\y"
79,gtorrans26,ztimmons26@alexa.com,fR0=#45F=#C4RDgi
80,sraffon27,emacvay27@ameblo.jp,bK3%A2AvX
81,sgilman28,gsinnocke28@soup.io,dD0#t+8Cg
82,pdifrancesco29,lblew29@oakley.com,vR1/WoIXVyXskHu
83,nbreche2a,prosita2a@tripod.com,"sR9=\jXa5UI2"">t"
84,rgrute2b,aduprey2b@accuweather.com,"wB7,5eBO{pG"
85,atraviss2c,mtidmas2c@army.mil,cY3#BbxX2
86,wspurnier2d,rmunehay2d@imdb.com,lJ6?a|cu_uLj@<r
87,amccollum2e,rbultitude2e@multiply.com,"gM2,Qg#_(K2"
88,rhardwicke2f,rarsey2f@reuters.com,qG7~4'(?~tj
89,afronczak2g,ggillfillan2g@slideshare.net,eA2*)'BwNIS#
90,cchopin2h,aaugustus2h@qq.com,hO4`ZM+BiBVR
91,lshory2i,cayres2i@eepurl.com,aY3.d`6?JE!Iz
92,dkuhnert2j,llowdham2j@hhs.gov,vC5*1pcXfFDu
93,gmarlow2k,rmcintee2k@yandex.ru,"lE0.Aq2U&,'"
94,lrowet2l,scalloway2l@google.nl,cF2@!sn0<ZG1gt
95,ggoffe2m,kbooler2m@ocn.ne.jp,"eG8""k\*viXh"
96,ivongladbach2n,boferris2n@deliciousdays.com,wT8/%+}ce<&\.iy
97,upledger2o,msedgeman2o@hp.com,"yN1,s3ak""'&{GL"
98,gmccracken2p,acurlis2p@latimes.com,nZ4>ra<$3P
99,csentinella2q,dsappy2q@google.ru,qF2@A>|dv0Y
100,ehamon2r,gscouller2r@state.gov,sL2@+dGn
101,mfossord2s,zhaslen2s@storify.com,fO4?Lq~`_\!
102,dhorsfield2t,lchatelain2t@gmpg.org,zL8*v2m}
103,bwaring2u,clane2u@blinklist.com,eO3@\LkU\~
104,bstruss2v,aalesin2v@rakuten.co.jp,vO4?XVdCrB>\1s
105,cbrandolini2w,aorsman2w@youtu.be,kV5)8$q~rmNuA1gc
106,sgaze2x,mferson2x@arstechnica.com,uJ4/zYxQRX2O
107,mmccallister2y,ccolman2y@wix.com,fU0)rHc!QCv2rD$m
108,mjime2z,sdagg2z@accuweather.com,"lH4&~t9N,`"
109,bbrugden30,dlane30@uol.com.br,"wJ9*uIpR(?,@@G*V"
110,taverill31,vbaukham31@issuu.com,xV7.Vsfo=R
111,rcran32,msteiner32@dagondesign.com,bE6@7d|{H|.{fSsT
112,vhosten33,rofinan33@yolasite.com,qA3+zqOFuX
113,hsor34,ltidder34@weebly.com,hJ0|\>`mb3ong0
114,moutram35,kamps35@about.me,wW7)5Y8L
115,hcoslett36,tkitchinghan36@tiny.cc,"oT0,fS&BMKoE"
116,battrie37,tomond37@dyndns.org,yC2+/V__mK6<D
117,hlawrenson38,lbanker38@youtube.com,"mS7+`LG""Pp"
118,carenson39,wguiness39@mysql.com,"uU1,o2Y0q9TI/3?\"
119,kcarbett3a,kdensell3a@lulu.com,sI8_urOr0?r6zKI
120,ckitto3b,rlawday3b@quantcast.com,tF2!hM(@!/vu
121,jlongfut3c,hohannigan3c@nytimes.com,"aI2~+{Z44)GV""@@"
122,bbiaggetti3d,bmitchell3d@howstuffworks.com,lB3_vy2eF6Z
123,jmenlow3e,kjeavons3e@harvard.edu,aH0|Z8\32o?J
124,hdearnaley3f,aocooney3f@cloudflare.com,yT7&skZ0yhCq{Du$
125,jjanc3g,gboston3g@instagram.com,wV8's(mC1
126,hjankovsky3h,smacculloch3h@hexun.com,qN4@)hw05
127,gphettiplace3i,wconnell3i@geocities.jp,"zP3,ObSMCU}"
128,cskelhorne3j,vsculley3j@globo.com,fV6&3i{u%n{eN
129,dbowler3k,asharplin3k@dion.ne.jp,"bE2)9G""""#5"
130,bashfield3l,npawlett3l@eepurl.com,cC0}zJkz!G9YUp
131,jmccue3m,ntaberner3m@dyndns.org,kM5%Gn6X
132,zkellough3n,jcrannis3n@prlog.org,oC2)dK9LqGJ
133,sbartolacci3o,ddonat3o@ow.ly,xC0{o6F'(x
134,omctrustie3p,cbourgourd3p@printfriendly.com,hS8_FPc#
135,dudey3q,ebotterman3q@cnet.com,qI1'>``q%
136,nakett3r,sderrett3r@nature.com,"tF9{1{f,5nlm%X0K"
137,clye3s,bdarlow3s@utexas.edu,dF7+Kqc_
138,odunham3t,jmckendry3t@un.org,"dY2~oE>""zL!p"
139,msilver3u,cabthorpe3u@timesonline.co.uk,eG4/x%IM
140,wrouf3v,khorder3v@edublogs.org,cK9_\(@KTH
141,chaggerwood3w,dcleeton3w@surveymonkey.com,kT4?#@{5oiD
142,dnorkett3x,lboatman3x@yahoo.com,rI8=$l{yIY
143,ericardet3y,kmitton3y@webs.com,oW1>Ix_T0y
144,mferia3z,okaygill3z@infoseek.co.jp,xC0`9{/bnrX/
145,mbockmann40,hchillcot40@paypal.com,qF9@h$cy3i
146,rstibbs41,msetford41@example.com,jC7@L?#lyM$vx{
147,jsidary42,npeasey42@amazon.de,gV8#9j#R2Oq
148,bcausey43,bomannion43@google.fr,yM7{awhx
149,rellams44,yshuard44@reference.com,oB8'j+NT\{7M9TTR
150,msive45,maldersey45@addthis.com,sO9@bhE9gr
151,devason46,ghandes46@state.gov,"nR0'_J,I"
152,uosgerby47,cgraffham47@weebly.com,kI1&~5_v&|hW
153,vtolumello48,ttreven48@pbs.org,tR9*Q%9n
154,sgallacher49,wtowl49@msu.edu,"gZ3""OHusivL+"
155,pwarstall4a,severill4a@issuu.com,qC6's}wseB5i
156,ddanielou4b,cobrogane4b@smh.com.au,"yG1{"">U{cCM(&5s"
157,noneal4c,hboncore4c@shop-pro.jp,yE9{Yilnl4s
158,hdomoney4d,bswains4d@discovery.com,dL1+Y//z9df@o
159,cartist4e,eibbitson4e@nhs.uk,gR7~ER&}qN\h
160,gburling4f,mdownage4f@noaa.gov,"dR2,R5rzmycPAO"
161,bbaszniak4g,aseedull4g@w3.org,kD2/2x\dLU
162,rcraydon4h,rdonnan4h@free.fr,eV5&BhY3>gD&
163,ecoxen4i,mbrando4i@answers.com,rT4|kzF*
164,tdahmke4j,scann4j@trellian.com,jP9/|3Y_|wy)L=i
165,mellwell4k,smathou4k@narod.ru,tH1\rsFq1X+ATr
166,fgyse4l,jcullinan4l@constantcontact.com,yE5&TbFUj
167,ckeywood4m,efeake4m@skyrock.com,tA4%uop$a
168,cmingasson4n,averney4n@cnbc.com,"cM5>2R59""ooW"
169,ctothe4o,rweinmann4o@amazon.co.uk,"nV9%Qot$""wR<oD}"
170,scarbin4p,umoral4p@cloudflare.com,"nU3,p_W@9B"
171,vhibbart4q,alouder4q@businesswire.com,"hZ6'_z{Wkn}\zc,"
172,bcordrey4r,thavenhand4r@abc.net.au,kJ7|{#04q
173,sstiller4s,lwetherby4s@engadget.com,fA3{'tua
174,tjobin4t,mcrunkhurn4t@printfriendly.com,kU1_1V%w!elwkPn
175,lbanister4u,evicent4u@cyberchimps.com,lR0)stZ!#rJj.Ct
176,mbennetto4v,mhastin4v@fotki.com,xW2$d}'8S
177,rcancutt4w,jbackshill4w@nsw.gov.au,tL4(OCjfOHSL7bz
178,cfranzman4x,dchancellor4x@mozilla.com,oQ0>ufvk{zh|
179,mpirie4y,pyellowlee4y@de.vu,eF2&5j\?bRI2th'
180,zhoogendorp4z,sparnell4z@surveymonkey.com,gV6<olNy@/z2gb
181,tgreenwood50,mmansour50@tuttocitta.it,yQ1'$Jv05TVrkbG0
182,esavery51,ntallyn51@washingtonpost.com,vX1!|BhP
183,icattach52,umyhill52@creativecommons.org,hP5+wLkCE7z9H
184,fokynsillaghe53,halway53@infoseek.co.jp,tU3'_'V>9\d1@4
185,emaccaughan54,mallcoat54@behance.net,"vU7,3y~7RtLb"
186,ktryme55,cboustred55@imgur.com,hR5%{0{U_{4
187,gbouzan56,lcrauford56@usda.gov,hE3`N8q03J&}<3\s
188,hhorry57,ginder57@smh.com.au,vL3%&Mw6Rt
189,sgunney58,hjozsika58@cornell.edu,"iI8>i""z(0&Uw$7"
190,sgooly59,lschiementz59@umn.edu,gP7}BvwS3*ao7
191,fsier5a,mjanuaryst5a@pagesperso-orange.fr,gX5&`WRs_
192,askeech5b,nsaffe5b@usnews.com,fV5'<npCIu
193,astivey5c,lperrycost5c@sitemeter.com,"bD3/Im~,m(,8"
194,opabel5d,dyeell5d@ameblo.jp,tG6<aOD1HG
195,mphilipot5e,fgobbett5e@virginia.edu,mV5)zij_)9
196,mcahani5f,nfilipychev5f@dmoz.org,rR2.AlF=(
197,dtharme5g,mmacmurray5g@quantcast.com,"uB1|_?ojW,Y>MYO"
198,jpreskett5h,crowan5h@cisco.com,jX4('<O7Cc
199,acarratt5i,gbeneix5i@google.com,kF5/>3z7
200,kmingardo5j,cgunther5j@joomla.org,mG4$N$1Je6!y{
201,mzuanazzi5k,gpactat5k@sciencedaily.com,gE4/zzZWS$0jzWc
202,sarnoldi5l,sfallens5l@fda.gov,lS4\yffWEuo
203,eboyse5m,lglackin5m@sciencedirect.com,mM5<Bz0_(9
204,mlionel5n,ascimoni5n@pcworld.com,xZ9|DKUS/
205,pbrabbs5o,klogsdale5o@goo.gl,"bU3""Ix+4F"
206,zjugging5p,lokielt5p@nih.gov,iC6&8wP{ja|x
207,kdickie5q,stripcony5q@ehow.com,mJ7_#UI}x}G~?$
208,tdyka5r,rceresa5r@mayoclinic.com,fD9?B8VapD
209,tpickle5s,ckrook5s@weather.com,"kE3(+DD}""j"
210,hsyne5t,pfulleylove5t@toplist.cz,iZ0'ai7M|m&
211,nosanne5u,mchartres5u@uiuc.edu,"yJ5+c,l'"
212,clardeur5v,oheminsley5v@over-blog.com,fV5*2N?8V\/
213,cprovost5w,bcranson5w@slideshare.net,nH4%Bu7ZNJSH
214,vlevene5x,scoey5x@pagesperso-orange.fr,"rD2/},m7M"
215,lcrummy5y,ksimpkin5y@friendfeed.com,lO7&qco+yD$3
216,mbuer5z,pletts5z@github.com,"bE6)L,hTBs"
217,dgostall60,bhillaby60@gnu.org,eI7.6ngRIn6!
218,cjirik61,sdugan61@merriam-webster.com,yB5@mvyIO`6v*dn*
219,dpavinese62,ewhapples62@dropbox.com,"bJ0_,sdUwA==v"
220,lglanester63,fmeynell63@mtv.com,sH4#dY(C~
221,aroe64,bnorcock64@ca.gov,"sD8""UfDv"
222,bmabon65,pbogart65@moonfruit.com,gH7{BUv63IzD&
223,zbillings66,dradden66@yelp.com,bX4<'erz
224,ftottie67,drubenovic67@senate.gov,eI5\RuNRxAdS~X(?
225,cbamford68,vedelmann68@nature.com,yW7?eoR9YR1L
226,nmacenelly69,tboni69@cbc.ca,tZ3!A$\X&
227,aquakley6a,jbilfoot6a@so-net.ne.jp,kZ6{T$%}
228,cdewire6b,jcuming6b@mozilla.com,tS2??wXm6~<7M)D
229,trankling6c,hmorefield6c@phoca.cz,vS7<(8RtX_4={I&R
230,jmashal6d,btye6d@timesonline.co.uk,aO9)f0yv6uBlRV
231,ymeegin6e,rvonbrook6e@businessweek.com,"dL4#cw@W(JFLy""I"
232,dpetcher6f,fjuorio6f@alibaba.com,xW5)4|PSXJDH.l!
233,ableeze6g,cvaudre6g@state.gov,"uE8$F|,p4t"
234,ccarlon6h,pcalwell6h@amazon.co.uk,pP2`fGr5F\oGwc<@
235,mguise6i,grosencrantz6i@printfriendly.com,qB2?WzGVj3OFtL
236,itsar6j,dspraggs6j@nps.gov,nE7|GUaYjYl
237,ewebsdale6k,bfrankel6k@squidoo.com,eK2`9af!ZR(
238,swickwarth6l,thens6l@google.ca,pU3\Ta/zXdw%S
239,rsullly6m,ebiagini6m@europa.eu,"uG6,w6lg"
240,jmaplethorpe6n,sstanway6n@edublogs.org,fA5.fIr}m6
241,collenbuttel6o,vcettell6o@mediafire.com,bX4~a0bP
242,jboyett6p,udaintree6p@nationalgeographic.com,yT4#L?o7b<R
243,cverbrugghen6q,sgeorgiev6q@globo.com,mD4~d$*Bq|7e+_
244,asmewings6r,rfolker6r@meetup.com,"kZ0&m""!""QMTXl"
245,jbarkly6s,mlakey6s@w3.org,"yQ2'dS`""DA`Tp"
246,cbullas6t,ldarracott6t@google.ru,nC6_2hB3'StBTe6w
247,ttadlow6u,lfuzzey6u@vimeo.com,wD0\M=M<>&T
248,sosheilds6v,ehayth6v@drupal.org,pR9)LWK=O*RmS%
249,mhamnett6w,socarran6w@smugmug.com,kR2!Z'yOI9
250,khorribine6x,hhovel6x@latimes.com,"fJ1""TQ\sT&KnO2"
251,jdelepine6y,bbladon6y@drupal.org,yU2{|#%|N3'hN&yx
252,hnaisbit6z,ljoutapaitis6z@economist.com,xY0)XpT=mx2a
253,iblown70,nstanyland70@yahoo.co.jp,"yR1$1/_,A&*8"
254,ajennings71,hskittrell71@facebook.com,"vT4`Y,hzT7Z_`WI)"
255,mstoneman72,mculshaw72@harvard.edu,iZ8@b#9&
256,cjaan73,hdunstall73@jiathis.com,iG8+QyB%Z
257,eseiler74,amckinna74@typepad.com,tB4<y6)pvnt4
258,aswires75,cgiannoni75@telegraph.co.uk,"wA0,rnx5""w"
259,cchessun76,imiddis76@parallels.com,"sZ6}E.B"""
260,emccurt77,uprobert77@histats.com,yG0?)78V%pV(k>6G
261,dkordt78,tbalaison78@geocities.com,"lM9!s4""#$%T"
262,kunstead79,tharvett79@live.com,eW8?!\m=R25
263,nseamark7a,kbohlje7a@xing.com,qB4\Zi#6_kEt
264,mbagniuk7b,sgartside7b@yale.edu,oL9\02aq<Nmd
265,tmunsey7c,dtomaskov7c@so-net.ne.jp,tE3+49VfQRUe
266,alea7d,wkilfeather7d@parallels.com,gC4(N'qou5
267,amault7e,ebodicum7e@businessweek.com,cN5#G7%(Lx$jwK
268,bcomelini7f,gwoolger7f@dion.ne.jp,wZ3}5cUHk
269,lohern7g,mfrankiewicz7g@ocn.ne.jp,fU8`xLZJ{w$e>%x%
270,jgocher7h,asaundercock7h@tinyurl.com,"oA9""rT,TL5"
271,mpigrome7i,trodgman7i@sphinn.com,sT7{@#8F
272,dtunna7j,alambertazzi7j@eepurl.com,fU9!9sJ~Qthw1
273,hnudd7k,sclaybourn7k@ihg.com,fG5}yRURG8S
274,pwarmisham7l,dghidoli7l@wikipedia.org,uI8+N=ddDQO=
275,cshreeves7m,edowbekin7m@businessinsider.com,"gY3|""O8!eBfO7e"
276,dboughtwood7n,hfontin7n@github.io,kE4`n%#iDRYj$tA
277,rbeswick7o,ccrunden7o@columbia.edu,uJ8\>Tk`Hbg
278,tblomfield7p,nsegoe7p@cam.ac.uk,"iM0""X5LzH"
279,salfwy7q,achannon7q@bigcartel.com,oR9|hh*|}bW
280,ddelong7r,dgabala7r@nih.gov,bY3)|iI#_
281,cdugmore7s,lhafford7s@boston.com,"vP7_X_H""UwQ4C"
282,fyeell7t,kpeterkin7t@amazon.de,"oH4$,@KH"
283,bsawley7u,ahalleday7u@altervista.org,pC2$0fJ8PS+7)M
284,kfeavyour7v,dstannard7v@prnewswire.com,tU5.sq5H
285,ihumblestone7w,sweekly7w@wordpress.com,uQ6}l#A|C89EeN
286,glunk7x,bchatain7x@nba.com,oM6|v_zrDCp_PLq
287,bwinspur7y,hwormstone7y@networkadvertising.org,vX6#BE)S
288,gmuller7z,bhintzer7z@utexas.edu,pE5}CH_kM?*R&r
289,ideboick80,sshinefield80@spiegel.de,"fK8*2""(a?"
290,shullah81,clea81@blinklist.com,mJ3?l0~\
291,wgyorgy82,sbuard82@mlb.com,jB1|bLvKLz#&ps#T
292,gdaspar83,eolivazzi83@meetup.com,"yJ8'$ECl,V"
293,gbryning84,lrowsel84@theglobeandmail.com,dM9'@}Y<q0Nq{a9o
294,ibraybrook85,gvuittet85@free.fr,sZ4&<mzgvV~6e#
295,astodart86,dzolini86@nsw.gov.au,"uP0,8FWu=6H"
296,frussilll87,wronchi87@china.com.cn,zW5}HipYpA4
297,kswadden88,aselland88@netlog.com,mX5>%W#mfMDDc
298,tchinge89,lvicar89@time.com,qX0)F#jP+QBq|S
299,pbascombe8a,cbraune8a@twitter.com,uM5=?_It
300,rjoutapaitis8b,wtindle8b@pinterest.com,jE7{E3}=<+@F~S
301,btrewman8c,cfaltskog8c@amazon.co.jp,vM1$!l/WSo(8kE+
302,jcordaroy8d,mchazelas8d@list-manage.com,qA9>SX#Qk
303,hstepney8e,dfrenchum8e@is.gd,tQ6)#6&/n'zsQGq
304,mkenrat8f,jskayman8f@jigsy.com,oV4%u3R#*fJqT
305,ssilverston8g,krehme8g@jalbum.net,fI3|04|jq#%J
306,mburree8h,bshead8h@howstuffworks.com,wA8<Q.zbN9&
307,rmilley8i,dwicks8i@ox.ac.uk,"gA4.CZxA""jO"
308,pbasterfield8j,gmendus8j@stanford.edu,xE8?LOF@9
309,jkellitt8k,nviel8k@bloomberg.com,"lS8\6o+"""
310,fandreichik8l,dfozard8l@economist.com,cM9=biG5i
311,edrewry8m,bbielefeld8m@discovery.com,fT6&MLvElrRzb
312,cnobriga8n,estrongitharm8n@sfgate.com,hC8!.9n1)B
313,apatron8o,vbroomhall8o@istockphoto.com,"lZ9""Hfux"
314,cgaley8p,toffin8p@sourceforge.net,"oF6>&X2Bd5BsA""W$"
315,lmarquand8q,krowlin8q@gov.uk,xE8*9$Y`|'.
316,gjost8r,jfountain8r@unc.edu,gR0$_LbJp
317,ebeamiss8s,rnyssens8s@statcounter.com,hB2%=DSGc}bp0>&
318,rlarn8t,tosmond8t@sbwire.com,rP3>{pHDDT
319,awaldocke8u,hjerred8u@nifty.com,eO3`uRRO%ND%?!
320,mferro8v,fderks8v@geocities.com,eA9)NJm}Cq
321,fwagstaff8w,lslay8w@pagesperso-orange.fr,kR2~dY(\
322,dtomeo8x,dconey8x@goo.ne.jp,yG2\H'kDfb
323,bmewburn8y,clinch8y@europa.eu,dC7'WQJhI#
324,gdoncaster8z,amcgonigle8z@google.com.au,zA0?X0VFPEkmsY
325,olockhart90,ncrossdale90@sbwire.com,nL8~|p%1
326,smattacks91,pyouson91@indiatimes.com,"bA5""/3b7rEMn"
327,acescot92,ttruter92@latimes.com,jE4{/_hxt3J6Umq
328,hlohering93,dbleakman93@so-net.ne.jp,zX4#7{b=~s
329,dguillet94,tsidnell94@google.de,"wZ3?p+JJ""|1fZ}QK"
330,smenlow95,kyackiminie95@com.com,uR3=2r6=nDMN5Qp
331,mcristofanini96,acamp96@google.com.au,hP0`ulci/Kwh'm
332,rheighway97,fwenden97@mozilla.org,jQ7+CO%f6+H8uHyy
333,apouck98,blambole98@sina.com.cn,"fJ8~.Z""poOp"
334,aainslie99,vquinby99@si.edu,uH5(qj0=
335,klilloe9a,larnaud9a@soundcloud.com,lP1#5CP!s
336,bwheal9b,oscotfurth9b@theguardian.com,"bI9`c>2,"
337,mlongstreeth9c,sgentsch9c@marriott.com,oY4~HFm~IBFmL
338,kkingcott9d,dbanville9d@free.fr,rU1{#??~5xV
339,mklimowicz9e,kshank9e@smh.com.au,uG3)cd{Gf
340,nkowal9f,whawken9f@addtoany.com,oJ7)8Oc/{C?ww
341,jluce9g,wfellona9g@arizona.edu,hN7>FhD}X)
342,msessions9h,ccymper9h@businesswire.com,jT0`Aibkz%L
343,cmont9i,shinkley9i@oaic.gov.au,jQ2|!!c%&)L?}
344,hlunt9j,gmcgawn9j@gravatar.com,wO4~8t7MdUF\nLKP
345,vcunradi9k,emacgillespie9k@com.com,eT4{TIaDbjet(
346,cvasyukhnov9l,alaming9l@pagesperso-orange.fr,jD0+{)S<2o<MD
347,anystrom9m,fhearmon9m@qq.com,jN6`sZw3b
348,kwarner9n,mtucker9n@360.cn,oK8?6zGN|pGT
349,skliche9o,gbilam9o@istockphoto.com,lV8{gx|xycf#T!!\
350,soleszcuk9p,mlindegard9p@cnbc.com,lL8{ZGmZ/'O
351,zhouson9q,tbandt9q@si.edu,fK2)njq{ssk
352,pmacgillivrie9r,adalliston9r@geocities.jp,pD1/qC/U!
353,wgeely9s,csuerz9s@si.edu,hF9=)8A'/EyNrf~<
354,veverall9t,fplows9t@unicef.org,dE4.xUU`
355,dglaister9u,jbakhrushkin9u@freewebs.com,xJ2`VNI)+FlBE
356,gmcturley9v,asanbrook9v@tripod.com,wM8=rQax
357,aferron9w,jgibbard9w@usda.gov,sF9<pSJ(>X3
358,fruddlesden9x,skimpton9x@istockphoto.com,gA1'Gp\3
359,klantoph9y,yoverlow9y@nba.com,tE4<F2}sA
360,mmartinek9z,tknellen9z@prlog.org,"uD8""Q}?Ii)Y$W."
361,fboulesa0,lstegera0@dailymail.co.uk,oM2\JwQ8?Jp{y?{
362,lbrandia1,kdibena1@amazon.de,nR9*y@}6
363,lmorsleya2,spostancea2@discovery.com,jZ4~mQ#0mF{n
364,icubbona3,xcrocettia3@aboutads.info,"cR6&,1xonOW"
365,dbettesona4,skippaxa4@independent.co.uk,"vH2'!&"".7$&p"
366,kcadorea5,arenachowskia5@sakura.ne.jp,lD1/a}Wq
367,ndavenhilla6,bhandricka6@ed.gov,eS4(yBJomrro`Hm
368,dlenevea7,fbeggioa7@google.co.uk,cE6?Y=pk9}C?_Mq1
369,jsylvestera8,bdawesa8@who.int,nZ9~U6Xd.7OR|V
370,mharbrona9,skoppensa9@godaddy.com,mX2~yA|ny
371,mkrollmanaa,jsoutaraa@disqus.com,"cW5~""l|3Lly4"
372,sdavidovitchab,emaggsab@chicagotribune.com,sZ6+Gq17>
373,llerohanac,acrombieac@vimeo.com,kH0/H1!2%F
374,glangstonad,jpembridgead@vistaprint.com,kC9_~Jj.D
375,bworrallae,amcelrathae@aboutads.info,dB6(X9pd
376,pkunaaf,ceakinaf@is.gd,"iI7=9,23l/N"
377,csugarag,wmattersonag@github.com,pW8$uZg><Q
378,geubankah,cketteringhamah@tiny.cc,"gK4`e~sf"""
379,rarmesai,orableyai@reverbnation.com,qE5_Bg.3(WTL
380,bcalkinaj,pbiddlestonaj@java.com,zI4=AqVoqu<
381,jtittak,sfreenak@blogtalkradio.com,gW0<+`\.Bw$n
382,dnockellsal,cstonieral@delicious.com,oH0\=wzaS>AvKgSd
383,kdimitrievam,twhiscardam@businessinsider.com,xW7.n/s.Yxj
384,afinnimorean,dcanasan@soundcloud.com,vY8`S%JN_rKiF
385,mokinedyao,ncabreraao@who.int,bZ3~08fv3w
386,rallseppap,dsharperap@alibaba.com,jP3{TPaY
387,mwohleraq,oalexanderssonaq@tmall.com,kT7_X0J~+
388,lgellar,jhornbucklear@time.com,dY3'qqb`vK
389,ltheakeras,jmcgilvaryas@blogspot.com,dG7@H4O?
390,lsturleyat,kmckaneat@i2i.jp,"rM6?""""NrlxEb,"
391,gasprayau,cwheowallau@bizjournals.com,iA4%QQ8.sp\n
392,ktregaleav,dburnandav@wikimedia.org,sG5)_D!M`mSs<
393,mmerigeauaw,fprofferaw@china.com.cn,aX4?$xI9
394,jlorieax,mjumonetax@myspace.com,vG9/OI}vwBSef/dJ
395,jsnelsonay,kbarnevilleay@free.fr,yN3%>!=A&dr+yGA
396,bclaphamaz,jchristensenaz@4shared.com,mU8%AT'D7)reA&
397,mcorroyerb0,dgerglerb0@state.gov,jK4#aZ0W%zvh
398,hdunfordb1,ibraidb1@vimeo.com,tP5(%Pzh_ft
399,apeppettb2,rmcgrayleb2@freewebs.com,oN8*GpTfg
400,sdeanesyb3,sworcesterb3@networksolutions.com,"gK8""gI~J_Mf/41Bn"
401,fescalerab4,vhaugerb4@slideshare.net,oP8\TS5M~h!ZC2Dk
402,omarinib5,drayhillb5@scribd.com,yO9!~xIY.
403,cvenablesb6,akleisb6@hp.com,gH4#B!fA
404,cdavinetb7,ppeaseeb7@naver.com,aY7_+4cNG%
405,wslyb8,vpunchardb8@fotki.com,xC3(S2C+_V$0dE
406,qradenhurstb9,wromeufb9@123-reg.co.uk,"wO0.4r,FV"
407,bstennettba,jmarkwickba@cornell.edu,aW7%u?`7owX3U#O
408,mrobbinsbb,mfarquarbb@elegantthemes.com,tD1\7ss/P'ZS
409,reasbybc,bnutbeambc@ebay.co.uk,hY4*mV8o._J
410,gstockybd,bfilippobd@live.com,hO9'>mpCV{2.p+Pm
411,llattkabe,spressnellbe@ft.com,"wO5|,YsgnS<k>PgB"
412,tmaindsbf,gnelthroppbf@statcounter.com,pE4}@e4(mRnIVlA5
413,gfransemaibg,josipovbg@cbsnews.com,sJ8#+IR@P/U
414,sofarrisbh,amcquilkinbh@biblegateway.com,eQ5/x\2cv+/<J?#
415,dtuckbi,jlassetterbi@apple.com,iF8}02Ci@g1P
416,amcelweebj,bpaskbj@qq.com,eZ4'ZRxg
417,srougebk,cwatchornbk@tamu.edu,yR9_FO*{CTzuNl_
418,ecoastbl,ahauchbl@dropbox.com,"rO1""wN1.F7O)|{}E"
419,cloadesbm,jgrabbanbm@wikimedia.org,kQ7(\<et{
420,jcrossbn,gkaretbn@imageshack.us,dP0*)<_1lZshf<)
421,sdallonbo,kmuskerbo@prlog.org,lW6?>Nn6J?)N3*
422,kpitkinbp,lsickertbp@privacy.gov.au,tV0*..!hExeRK<
423,sslatebq,kcarmelbq@rediff.com,pK1$Nkq$)5$S&I*S
424,acelandbr,lstonmanbr@shareasale.com,bS8\RC3XzhQ
425,cfalloonbs,lkirganbs@addthis.com,mY8~a81_9PQ966
426,lludgatebt,sandreasbt@de.vu,oX2\HDh$ptU
427,amckeagbu,hdelascybu@nih.gov,"yL1/EDW""#%"
428,sgadmanbv,lcurnokkbv@icio.us,"gE4~1DGMt'y}8,+"
429,wdandreabw,cpaulebw@taobao.com,"mA4{bLv,9@/.N"
430,ntwinnbx,sollarenshawbx@wufoo.com,fR8/>xF6`
431,khatcliffeby,ebewfieldby@cornell.edu,"vD5""{dgK09ElkGwP"
432,vgaleabz,thewsbz@nyu.edu,"wO6,C{HyqVc"
433,mbraunterc0,owaldrumc0@intel.com,eR7_b(2Iu
434,limlenc1,orobisonc1@etsy.com,tI1`gw4`paL>A'
435,alorenzinic2,oondracekc2@springer.com,iV1!Zc8c6+5
436,dnoorwoodc3,myousefc3@zdnet.com,lQ4(_9b+%yLCrMM
437,cadderleyc4,bboskellc4@altervista.org,sV7$LW`GbU8
438,mbrownsallc5,cpautotc5@squarespace.com,"fI3_gb,v`#r/R"
439,lkensetc6,rstannahc6@newyorker.com,"xU0(GT9LjK7S"""
440,cgrossmanc7,kjantonc7@github.io,gE3=jQ8LANpzye@`
441,bestevezc8,fgallafantc8@simplemachines.org,bM9%Q}USF
442,gbuzzingc9,cduerc9@hexun.com,eW5`/spQVL\nI
443,ccharringtonca,zdanilchevca@homestead.com,"xU5,xVa5xl4!"
444,htiverscb,eivanoviccb@nhs.uk,aC4\*d6sM)%Mw
445,ogaliacc,dbrientcc@gmpg.org,vC7/WpT5
446,aspringercd,gkarchewskicd@psu.edu,"wE4&0""$HlKXMoqkn"
447,bcadwellce,thamlince@ed.gov,"nF7)UKpA{rz)Z""Z&"
448,mpallascf,fblazecf@marriott.com,kK5@%7@=}
449,tbelchambercg,nfrapwellcg@taobao.com,aI8%rfaSNY
450,dsylvainech,rfustch@amazonaws.com,jD3=+(YEQ
451,mbrotherhedci,tkennealyci@alibaba.com,"xF4,Ou4O"
452,cdebiasiocj,erappaportcj@etsy.com,bA4{(X4An3
453,crudramck,kstruysck@cmu.edu,pV9.Pk1tmB'3/
454,pbrosinicl,ebeswetherickcl@parallels.com,"kK4%<%r>.J,fAVA'"
455,bsummerbellcm,egawkescm@live.com,aK6~Kt8cC4FD
456,mwhiteselcn,zcleatoncn@time.com,fZ9~*B=2I
457,mhindsbergco,vpearco@aboutads.info,"wC4.nV$""Z7ZB,gC"
458,bpoultercp,clegoncp@usgs.gov,"fE4&|v""f"
459,rmcpakecq,hklainercq@comcast.net,xB0'RW}0w)#y30T_
460,lblowerscr,sentwistlecr@vistaprint.com,"xF5\RxMI""bTh"
461,emcguffiecs,wmeenehancs@earthlink.net,"tK3+""0BVeI~1'C(."
462,rleeuwerinkct,dcreberct@ted.com,mB8{8P26F\t'kJD
463,rfechniecu,mevesquecu@simplemachines.org,uC0}m`_uMDE
464,sstempecv,bondrasekcv@unesco.org,"sI5%0?4""E"
465,fwhitwhamcw,cbaszkiewiczcw@wsj.com,aZ9~LwaLDJ_
466,ldickersoncx,gseabornecx@yale.edu,sN5/4Sjv{
467,rnanellicy,cgiocannonicy@devhub.com,iP7}P0Gv
468,evasyukhincz,esapeycz@cyberchimps.com,yM0?a'D*on_o
469,reisigd0,pmaccarterd0@creativecommons.org,"zG3$+Eze"""
470,mdumberrilld1,wbierlingd1@alibaba.com,"sY5*X~Ns0!b/,"
471,ebartoszinskid2,ehurlind2@jiathis.com,"gH1!<)mN"""
472,prenfrewd3,rwhopplesd3@sun.com,fO5/M6*!
473,jcrawforthd4,lbrazeltond4@google.com,iC6_h*au9Z+j8
474,placed5,pswynfend5@ihg.com,vA4$mwyAP!
475,glowdwelld6,dnestled6@jigsy.com,qP9(_?!_iFg
476,bloaderd7,bbringloed7@mysql.com,cJ1<j+TzQ5/y2zS
477,hleimsterd8,zoheagertied8@accuweather.com,lX1!M=EW!
478,pvered9,btwyningd9@blogtalkradio.com,zC2*M)<%c+tP
479,kwaughda,esprigingsda@wix.com,"lF4<J""TBQ7k"
480,bmohundb,pkentdb@yelp.com,mW9_\`|/}r?
481,nyggodc,hproschdc@loc.gov,"sN6*\s""m(b|e"
482,tmaccaridd,gsaziodd@japanpost.jp,bE8&6>@Mo<!M.O+
483,jthomkinsde,nbarmbyde@google.ru,pU6!&|N=?Uc%UF
484,mversondf,etalbydf@boston.com,rU7_WNdpR'y}LcN?
485,itowerdg,ahardwindg@github.io,hD3+TJ++(1V\
486,zlorenzettidh,jdevonsdh@nationalgeographic.com,uY7|SR(b!
487,egornaldi,agemsondi@liveinternet.ru,"xZ3!H!M""T8Ak"
488,jcaugheydj,mcucksondj@istockphoto.com,yS8++{9I+5M7j(q
489,spundydk,acarlosdk@studiopress.com,xO5?uguxDlx{lv`
490,sandrolidl,kfriesedl@seesaa.net,"rB7""92L{!NQE"
491,nlukashdm,jfrankhamdm@vkontakte.ru,pP9'~W9$wMJ<
492,sjouendn,rrobbingsdn@upenn.edu,"eB4~uWAFJ,i"
493,amcelhargydo,dcloneydo@tinypic.com,jO3?kL07
494,tmelwalldp,calldaydp@senate.gov,"kB0""#%hZifdi%vlg"
495,gkidsondq,csendleydq@fema.gov,sB9>eoI(/Mk7nuPi
496,abesquedr,crikeldr@angelfire.com,"jU3~UUlgaWYmQ""Da"
497,bmeesonds,rsmewingds@tinypic.com,nV7(VYT/Y@Xh}
498,jandreolettidt,rsomerliedt@ebay.co.uk,uW1)$QK6Wrls
499,ralloisidu,ebhardu@webeden.co.uk,"fE1$)WS?4lSsM,r0"
500,lgentzschdv,kgepheartdv@examiner.com,fQ7_N3@wB2i4x
501,gantonikdw,ghummdw@cocolog-nifty.com,lI1@/5gQH{
502,ghalldx,mpiccopdx@over-blog.com,rF8&ilEB)Ycf?
503,hhasteddy,mcutajardy@infoseek.co.jp,dA3{1F(uZ?$@
504,tsmallridgedz,mpennelldz@stanford.edu,yK0|ueke=U0Bi`
505,jheadse0,ntrevone0@topsy.com,xZ5(Uf@BY
506,pastine1,kvogelere1@bizjournals.com,yQ9?>>X<R()
507,ddeale2,ctapplye2@moonfruit.com,vE5=.$JG\f!J
508,kamberge3,tterrille3@alexa.com,fC8!gBVbe
509,nbreazealle4,cantrime4@canalblog.com,"uA0),PB8."
510,fcreeboee5,shinckese5@clickbank.net,kL4{2L>2{
511,mfishendene6,hmacconaghye6@reddit.com,iV9$RZU<Tse$
512,bcassimere7,msempille7@liveinternet.ru,fQ1\Ci/Ko@F*y
513,icheesemane8,klonglande8@squidoo.com,gR2?)_rFP<a@
514,mgozzarde9,smoggiee9@japanpost.jp,cR1*UQv(uKY!7/jP
515,pklimmekea,abaldacchiea@goodreads.com,cH0&h_w$s6z3\AQ
516,lmerrisoneb,tdumphrieseb@photobucket.com,uG0>vI2Z4`iDY|8'
517,tmuinoec,fflattec@csmonitor.com,"pQ3=Psa!oA<""gP"
518,etuthered,bdurbined@phoca.cz,kB7}7dJiDI
519,fcrampseyee,lcalveree@google.com.br,uF6!s1V*Rq1xVx
520,rmctearef,nsalwayef@ft.com,hA2~0p61FXicl=
521,fpieteg,hcorketteg@qq.com,jG4.F{chGRv0d
522,nbuckerfieldeh,gtremletteh@newsvine.com,"cP1$LP7n+M6,YMY"
523,jasplenei,jswaffieldei@quantcast.com,aX0>!uZxH~83\
524,pturneuxej,bbookerej@jimdo.com,cI9|8/tD<dZ07E
525,cdreghornek,twraxallek@cbslocal.com,"mL1/r=""2E{6q,\R"""
526,tlafuenteel,gmayworthel@i2i.jp,"tL9@,b{l{"
527,cdrysdallem,ffullwoodem@cisco.com,uN3|?ik+MrOQ
528,eterrazzoen,efogelen@latimes.com,kT2%*A/J3m%R$?H
529,srelfeo,ymilborneo@ebay.co.uk,rG2#RQg}dC4Z+
530,bmucklestonep,tcamblinep@free.fr,nQ4'XuN<
531,zbrambilleq,khilleyeq@goo.ne.jp,xJ6@<L=*D>
532,glemarquander,nwermerlinger@ehow.com,kP8$M/lV~
533,aharbidgees,cgeraudyes@comcast.net,aK1*#Q|iZWe
534,tdraycottet,pdinsdaleet@slashdot.org,"nV1+Y/|S5""ra+"
535,criveleu,pyeseneveu@businessweek.com,mW3/u>iDrE
536,swainmanev,bagerskowev@msn.com,tP8>6~n0ui$
537,kmccomishew,scoatsworthew@home.pl,lD9%cTgu0UJjD
538,acossumex,baylenex@gnu.org,nX0(Y2zd
539,ayakunikovey,mreadwingey@wsj.com,sO9%.zV5m
540,jvanesez,pstockauez@independent.co.uk,eL1*BXIYD
541,anewmanf0,ohemphallf0@bbb.org,xF3#E/4(
542,slayf1,sgrinnovf1@e-recht24.de,aV8\1KBkAk$.k
543,fflohardf2,chupef2@networksolutions.com,kP3}lq%X$vqk?Is
544,ssliddersf3,djuppf3@sfgate.com,nV2~3\J$7?VxA
545,fprangerf4,sseawellf4@wired.com,mK8}nyVGItbd(.
546,bwhellansf5,jkunathf5@arizona.edu,wW9>TM>af`'I55&
547,wtembyf6,mtinanf6@bluehost.com,oX9/R4T7=t
548,dsweatlandf7,eburkinshawf7@godaddy.com,"rQ3,nYs+yJ!k$&e1"
549,meusticef8,bcrowchef8@privacy.gov.au,"jP6,D=60=X"
550,rodonohoef9,lcrosettof9@phpbb.com,uW2|{)kR'Z?H
551,dloftinfa,beddollsfa@newyorker.com,lQ6}71}vsB8k7Z
552,sarnlifb,ilightonfb@sourceforge.net,sF6\AC29>O
553,ggawfc,pvannetfc@imgur.com,wY6)_Zjr>0\/pC
554,pmeeginfd,emeinekenfd@multiply.com,lD4%.F$}KnrpJE
555,nvandermarkfe,pgasonfe@bravesites.com,hO9(K<V2!FKW?
556,tfowellsff,pkeenff@shinystat.com,"xV0/""){&/I&D"
557,gpauluccifg,ahayesfg@hatena.ne.jp,oO0`zH_(/rTwPFr=
558,corrickfh,atrittenfh@livejournal.com,vP2_6*v~n?
559,cglidderfi,vscusefi@irs.gov,mL3>bP_Y#Ivz
560,bdadgefj,mreapefj@google.com,oC7`<QoRznB\(\/
561,lgossagefk,ddaftfk@macromedia.com,dP8)+A|%)VB=P
562,eligertonfl,dbriskeyfl@smh.com.au,"dQ8*(0dTP~qu1,"
563,jsealandfm,pwolveyfm@discuz.net,"uX9\vwJ3%""OR9JU{"
564,hbattersfn,bpiscopofn@ameblo.jp,"fJ5<`,bPH${_"
565,ccharityfo,scarndufffo@liveinternet.ru,"eB1,bMOMBLPVe!?o"
566,sgrashafp,ktremaylefp@gmpg.org,fC0}7i6EzCl
567,ghoonahanfq,shunnicuttfq@nymag.com,iX8<o~>)3%sI
568,sbruhnsenfr,kborwickfr@sbwire.com,sR2<`3G=\v8gi
569,dnuddefs,kcossinsfs@dyndns.org,hS2\%'}*AaW
570,hsellerft,ptezureft@columbia.edu,xP4$hV<yC
571,ugunstonefu,kgoatcherfu@nifty.com,mF3|<$aT5(
572,hroomefv,zlouthfv@facebook.com,pV1%PX`WE<w6/
573,cmaccafferkyfw,acorstanfw@ustream.tv,kR8'_@cR
574,molenichevfx,tbucklefx@a8.net,tD2`q7i0m7\
575,whartwellfy,rgriffittfy@digg.com,dX7~<+`9Bp
576,aocarranfz,pmaceurfz@cnn.com,uA3_&3aW`q
577,agreensideg0,gabbatig0@nih.gov,nS7>0qyHc
578,khonackerg1,ehandrockg1@aboutads.info,mV4>cA{J$+v1Eq#
579,byukhning2,vleghorng2@who.int,qP1_jk|+nVR_hVqj
580,aclaworthg3,sgrunwaldg3@comcast.net,nW5=jm4$fm
581,hgiannottig4,alissamang4@nydailynews.com,eY8<xxb\W6
582,ugingelg5,lpuviag5@livejournal.com,"yY7""@i+M9"
583,mskelhorng6,akassidyg6@lycos.com,nP5)AALME9S|5?
584,lmooreedg7,kstapfordg7@blog.com,rK4=3P5qN&
585,kpaceyg8,dsaddg8@multiply.com,wY0#%@F*<1%`bZ
586,aconnechieg9,cbolderstoneg9@nature.com,xI5$qGRN.>40k_1
587,epriestnerga,zbeedhamga@google.co.jp,bG4#MkN~Mz8
588,saleevygb,jmcpakegb@businessweek.com,"uY5?X,!}""H"
589,mcatherygc,rdakhnogc@miitbeian.gov.cn,xZ2{NLD?CjKrVh
590,twaggittgd,agoudygd@hao123.com,iC1&2?G@n`
591,adagostinige,lmarrinerge@indiegogo.com,gN4_VaQ89
592,ohannafordgf,npaddingdongf@sitemeter.com,wO3\3dfNylO
593,cmountfordgg,bmirandogg@gravatar.com,qE4%iYjg~Or.wj#
594,jsignegh,cgloyensgh@taobao.com,vU2*xOnwNpckIEq@
595,sbesnardeaugi,scoselygi@goo.gl,rY8/KuOUk9}eH
596,gpaddiegj,jcorneljesgj@bing.com,"dR9)J""5mS,+i""7m"
597,daguirrezabalagk,hmathissengk@zdnet.com,"yA5{ZQ.*~2,zmb"
598,chealeasgl,bzappelgl@icq.com,lZ6+G{/X6
599,eofogertygm,kleongm@hud.gov,uO2(n'yD'boII
600,jswaingn,dyosevitzgn@yelp.com,uQ6!fiFJ
601,gheildsgo,ecumptongo@gnu.org,yK1'`TRv)Z
602,abennsgp,odowmangp@nature.com,aT4)AHmN%&pRkgq
603,djuliangq,obeynegq@si.edu,dA1.|$7KK_+\
604,avernhamgr,lsherrottgr@blinklist.com,iS5#/7WL{uKf
605,jkezargs,ntrewmangs@dyndns.org,kP2.+8T=I
606,carnautgt,flabongt@merriam-webster.com,eX3#RoN.
607,browthornegu,odudeniegu@sakura.ne.jp,gW3{q=4%e
608,dtommeigv,gragbourngv@soup.io,xQ0=8(gqjQL>
609,dburrengw,tbenchgw@mapquest.com,rC6>E|Bs>7v&6Cp0
610,eoakwoodgx,ebolderstonegx@friendfeed.com,"uO5~(R/QgOm""BU2Z"
611,agouthiergy,pkristoffersengy@jalbum.net,uA8'c_v/a<_`X
612,jaizikovgz,kleclercqgz@goodreads.com,xY0&s({l
613,dmclarnonh0,gchoulesh0@symantec.com,qK4*$QsXUj
614,afeitosah1,abowesh1@guardian.co.uk,"kW5+.W6Vnk9p"""
615,sbaudineth2,dpimerh2@sina.com.cn,"oC9&,QwLaSgULkAu"
616,jorrumh3,wmilsonh3@yahoo.com,pS9(xN0o~
617,eswaineh4,eblackboroh4@patch.com,jU4+3x_duP
618,bbulmerh5,tmanthorpeh5@symantec.com,lD2)#a`pA
619,dpennicotth6,dcargenvenh6@desdev.cn,iW9(d07PK
620,mcordeletteh7,mkornyshevh7@columbia.edu,lI6+4f+q1\B
621,cdalgarnowchh8,escotchforthh8@mashable.com,aP1%!32H=ZVaU!*w
622,svaseh9,cachurchh9@plala.or.jp,"wB5|se',F!t"
623,tmarrowha,fschrinelha@diigo.com,kG2(`LL85Ky
624,kvesquehb,joldknowehb@ovh.net,zZ3$`v@3qHb
625,jchippshc,igiamittihc@un.org,"kS6?I66,L!aRi"
626,phappelhd,clytellhd@multiply.com,lT3=>a71UstPB&~
627,jadiehe,ifulephe@studiopress.com,dT3!s4A)<t!
628,cseidhf,rketcherhf@4shared.com,tT5|E4'00z$<nH&
629,eslaighthg,kerichg@amazon.com,hE0+McnaeqdwCs
630,adavethh,cgrinyerhh@mapy.cz,jY1}B+#T
631,kgoodyerhi,hcobbledhi@foxnews.com,"zK8""@POM<q"
632,rcamierhj,adewarehj@seesaa.net,hG8+bX.'0xaGn
633,cguyehk,nhyetthk@dion.ne.jp,"aY6""D6J95}r"
634,mpeaurthl,bfrankumhl@google.pl,bG7+<PdxD(t
635,treilinghm,mmenguyhm@businesswire.com,nW8`Z1u<}
636,ailchukhn,kfoalehn@nature.com,"nH8?b""0~Q)qn"
637,tastellho,lwolfartho@exblog.jp,uZ9?zk42n/
638,badranhp,ileberhp@psu.edu,kH5/w6~)g
639,hgellatelyhq,cpartrickhq@csmonitor.com,lY1`my)+/j<jW#'
640,dogilvyhr,imossmanhr@hp.com,qX0/K#B4
641,mkennionhs,vtrowsdallhs@macromedia.com,hJ6_mkSOF65
642,equaifht,cmarousekht@parallels.com,lQ8/ncB6
643,rmeweshu,dsalvinhu@berkeley.edu,jZ9_NfX|W)w~9
644,ckiljanhv,sthallerhv@bizjournals.com,bN9`j1$0b)gP
645,gpfefferhw,ewiddockshw@yellowbook.com,oU1_mbHDb/$Jx
646,ocowtherdhx,ppaszakhx@parallels.com,jC7$@nbpW/1r+
647,ldavorenhy,dkernhy@typepad.com,rN5@o7Wub1vG
648,dbenfieldhz,gpetythz@desdev.cn,rY2=oP2Nv8EY8\L
649,blichfieldi0,cmacknighti0@edublogs.org,xJ6{A42'1KvK<
650,sbaytropi1,cammeri1@google.co.uk,fN0.jBO4`q=_O
651,jferruzzii2,smearingi2@reddit.com,vN0`bUyh/heK
652,vadrianii3,mhewkini3@ustream.tv,oN9/*s@%j
653,cwilloughbyi4,priddeoughi4@pcworld.com,qD1*7\M.KZ}r{4U7
654,psteventoni5,dmallami5@yahoo.co.jp,vJ4($6AR*/
655,areavelli6,fmeoi6@deviantart.com,"gL0)\""3v*"
656,bircei7,amoranti7@google.es,oY9)a7#{)91`i+5
657,tshacklefordi8,sflecknoei8@netvibes.com,iB0.+(\3A7i
658,jelliti9,vdupreyi9@list-manage.com,rN1$?g8Pc\ck=e
659,csketchia,mwoodworthia@youtu.be,"fX0,5v0U@"
660,adarrachib,fstewardib@nsw.gov.au,rE9=yt=GRWXx`
661,kandrusic,cfranklingic@163.com,tD4.bb}j`IZ>Fc
662,scoventonid,jmclanachanid@studiopress.com,pI3$(Xk|
663,mashleyie,smathouseie@live.com,"jG4@}2,z1"
664,bbonannoif,ccelizif@answers.com,qN6|hx}Wtt'
665,mfeareig,ddownageig@marriott.com,rL7|~`v#<|)g/Dy
666,ahorribineih,nrosenbergih@sfgate.com,gB4{E)*CZ
667,hlobleii,solneyii@squarespace.com,gV6<<b65Ox
668,ewallettij,mreckusij@ca.gov,wL3@(9?w
669,vdodleik,tivashkinik@php.net,eL9~~y#@xm
670,sheeronil,ftreweekil@github.com,uZ2|S/QpXH.c!
671,msaffinim,edownesim@storify.com,"eZ5*3k|m1vj_,Ve$"
672,uschruursin,mmeneyerin@house.gov,yI3?V=xdcV
673,titzkovwitchio,mgerratyio@unesco.org,"vY6""p'uHGkl#"
674,rcastelinip,mreddanip@yale.edu,cX9#wJvu
675,wexcelliq,ilongridgeiq@nytimes.com,iB6!_binS
676,amordeyir,gsiggeeir@delicious.com,"zO1}w{8mLK"""
677,hmccuthaisis,gyakushkinis@yahoo.com,"kN0,dj@!"
678,mrobardit,kdellenbrookit@blog.com,"eL7*tPYg_vM""="
679,tweskeriu,lkyllfordiu@about.me,oS5}\6|~@/c
680,memsoniv,cruprichiv@sohu.com,"aH5&}I8vh9Vl""n"
681,jigguldeniw,vwidmoreiw@fema.gov,wB0}Y1y09IEB7\.3
682,mtinghillix,lbuesnelix@bigcartel.com,mW3)AtdH8B*
683,vprovisiy,bollenbutteliy@joomla.org,"sT7""""A3YBduW&"
684,tstrikeriz,mboggisiz@joomla.org,gL3!R0Bd`{zKsBw
685,ccallendarj0,msmeuinj0@amazonaws.com,aV0'`5bS31KI
686,hfoxhallj1,cloudj1@cbsnews.com,mJ3~nmV~1A
687,kbottrillj2,rsouthamj2@dell.com,kY7.+bR!3'
688,abudikj3,kkintzelj3@senate.gov,"tW2%qEjb3""t1g"
689,gswattonj4,gmccraej4@lycos.com,nS6!Cr+A*~d02z4
690,bboscherj5,nferrarinj5@mail.ru,"rT5=t=pP!,o6fOmS"
691,lharbisherj6,cpashenkovj6@multiply.com,"fS2""9pe|_~s"
692,gschroederj7,dsilsonj7@mac.com,"yC5*zK*Bk""%%"
693,bbeattyj8,locahsedyj8@elegantthemes.com,"nM9&@x>2RI),"
694,klarawayj9,mwigmorej9@globo.com,fE1*QWLe
695,tstillertja,oarchdeaconja@wikipedia.org,eD2`%vUPvAM
696,kcronjb,csheehanjb@umich.edu,"rA3<pxi""#8fG73"
697,bortsmannjc,sjarretjc@netlog.com,uG5{.q7I&tHPB
698,gcorraojd,mvigerjd@google.pl,kY2$=t|Tqxp
699,mstokoeje,ahanabyje@dropbox.com,bN3*AgI<V>~4W
700,kcuttingjf,raltyjf@1und1.de,mF4&1t1qCK
701,bdorricottjg,mdevriesjg@cisco.com,gN3|yj%J0?8i
702,ggodilingtonjh,dlaurensonjh@businessweek.com,"iN9|P\TDe1sG+s0"""
703,ebeckerji,roverelji@about.me,vZ8}x#y*
704,rdurwardjj,nvalancejj@dell.com,"dA2\<FF,)le"
705,somarajk,lfitzpatrickjk@craigslist.org,yV4_C3\=!
706,gmalzardjl,wlyaljl@mlb.com,kU7.k\Sa<<tk
707,cbeslierjm,asurgeyjm@wikia.com,hB0}yZkf\
708,ylambillionjn,lswinnardjn@over-blog.com,sK8\\u+!}nm>}~<K
709,obantingjo,pbissetjo@stanford.edu,tO2+7u)la~}Za1
710,mtunuyjp,pyakutinjp@seesaa.net,bA5?XePn<h.N(J
711,bdumbletonjq,dvasyatkinjq@devhub.com,qZ2{Ujj4@~\=Hvr
712,csuddockjr,ktwelljr@illinois.edu,oV8)mr@8MZ
713,rdibbinjs,ebissetjs@pcworld.com,"cW5@B)~,PE'%"
714,fcasadojt,jravenscroftjt@creativecommons.org,"tW8~,6$$Q}ENWy"
715,fpreistju,icuniamju@sphinn.com,cX6|Y`'Mv6
716,efairleighjv,hwaulkerjv@abc.net.au,aA2)=&au=K
717,sjaanjw,jsiviljw@symantec.com,fG1(41+w@rz0
718,kclokejx,jscopesjx@google.de,kE4~o('2\OHw
719,jhuxsterjy,tgrzesjy@exblog.jp,eK0=+UQ0d>rvDi={
720,bsimmancejz,gbynoldjz@washingtonpost.com,nA6\j2z5_b/<Nnv`
721,hscadek0,snaishk0@java.com,gB3{)9X`X}a&Ul
722,hwellesleyk1,pbrazurk1@acquirethisname.com,dV6'*40Tu*
723,ecordobesk2,cdodswellk2@indiegogo.com,iX5`8'32~Wh}
724,kgibbink3,esommerk3@foxnews.com,"gV2<OK=yR""W~YRG"
725,ztarlingk4,jottosenk4@alibaba.com,rI7/ha#4EifI2e6=
726,idollenk5,phelek5@cpanel.net,"bQ1,i6f$jl"
727,jlenchenkok6,lescoffreyk6@webs.com,oI3'5?nlSb
728,ggymlettk7,nriggollk7@gravatar.com,kA3/vTV\/sw5
729,baupolk8,mbortolinik8@altervista.org,rO3_26PeFFS_p=x=
730,lortetk9,hupwoodk9@cyberchimps.com,"cX9!CR.!Goe,0"
731,mrosencwaigka,gferroka@arizona.edu,cW9\kzOg'Z
732,lwinsborrowkb,bneemkb@blogger.com,"tF8""3f=z#Jh"""
733,ltuitekc,nmcgreadykc@elegantthemes.com,zR5<_gON#r
734,scristolkd,icaverhillkd@rakuten.co.jp,pK0/M6ADElD=k
735,kfarreilke,dbrunetke@ft.com,kC0}v#ITG
736,eforkerkf,jbickstethkf@globo.com,vT9<Ij1CVi|WOi
737,cmanuellikg,swhimperkg@netlog.com,aJ6%ht}6{!4
738,nchritchleykh,hlevaykh@icio.us,pA3>/KEG
739,gworlidgeki,cvineki@jugem.jp,"qW3,yxv~M9G"
740,cfairbridgekj,bmetschkekj@oakley.com,"lU0#""&ty2R}v?|_"
741,mcholmondeleykk,omclenahankk@sphinn.com,"iP1`}Cb5,.A"
742,fbonairekl,mguerrykl@naver.com,qV0@m5ef
743,acattokm,bczaplakm@toplist.cz,oK2%+Fvg\M/p3!
744,kcasierkn,krodwellkn@buzzfeed.com,fV5<=u{/
745,lpannamanko,lgergelyko@prweb.com,gC0`LAve5p
746,rthackeraykp,rmarpleskp@ibm.com,sV3`(hy6)E
747,wchastaingkq,cscoularkq@goo.gl,"wH9~3%*""A"
748,mpuckringkr,tfattorikr@seattletimes.com,"vT6?P`CF8r""t<L6"
749,ggioanks,hmathevonks@nsw.gov.au,gI6~8sx8A~
750,jsherbornekt,btolefreekt@youtube.com,uV6*4hrzjHkND8
751,vluskku,jcurtoisku@icq.com,bF1.~{Mm)4
752,egowarkv,crickesieskv@ovh.net,cH4$n(!{u2
753,fbeecraftkw,hstockdalekw@devhub.com,hR0|&U3Gfy
754,ggraveskx,glilleykx@kickstarter.com,gL3{<@H%NQj1h+)l
755,rginleyky,smelsomeky@walmart.com,gS8{W4OVqris&b4>
756,nbushellkz,tbuskz@unc.edu,"hX8|>k,YsHCEq0<_"
757,mpinnijarl0,aopdenortl0@google.es,yZ3>LCF{B}bm'~_'
758,acampel1,mbailiel1@weather.com,wI9#`u>2+>.uS1u
759,ekramerl2,rdulingl2@google.co.jp,"gG7""q|&gQH"
760,fgasparl3,btornsl3@archive.org,"cP8$e+,`dd,&"
761,ucogdelll4,hbroshl4@hubpages.com,"aM1,ef+44J+|5"
762,flincolnl5,sbehrendl5@amazon.de,"uV8?_C""@iA~"
763,cmckeandl6,sridoutl6@dailymail.co.uk,yQ7}LdOi`cINs~fn
764,ccroisdalll7,thedgeleyl7@whitehouse.gov,kF8$+Dl{b%882SE
765,bjoselsonl8,pbotemanl8@lulu.com,"gB4|Q`91bZVx,"
766,aspaightl9,ntrunksl9@npr.org,"hI2*<|Rpt""C9q"
767,ssomersetla,ldolbeyla@edublogs.org,aY5+x/Yta|>nkMhJ
768,lmatlocklb,bfluckslb@hubpages.com,eB7`@*AT
769,iwattinslc,beakleelc@oracle.com,fN8}WJ(lN6DR8g
770,tshouteld,mkidbyld@howstuffworks.com,iW2\r|!vkb&
771,fheakeyle,rcranmorle@marriott.com,xZ1%!=q2
772,mmurtylf,adodlelf@upenn.edu,eB0#rzL=Z#he*
773,fpartonlg,bsirmondlg@hc360.com,tF4)nfB1|g\$
774,ymckernlh,hlongolh@issuu.com,aY2!@v_nFAkD
775,twhitfordli,bdriffieldli@merriam-webster.com,tC2~EOSR}5v
776,vblaiklocklj,aisoldilj@issuu.com,iE2>=ew0?zoE=
777,vrenzinilk,pklausenlk@ft.com,fC3_~glO&n{R
778,amaystonell,pdevannyll@pinterest.com,wE1({x7.
779,dgaynesfordlm,sbowskilllm@japanpost.jp,"rD3*Py,/3a{7&5$"
780,meickhoffln,jloreitln@mysql.com,"oK6"",DWhv"
781,njindraceklo,rhyldenlo@cpanel.net,"bO0_S,g8huw"
782,agrennanlp,wcashleylp@nifty.com,"fI0+iZ&"""
783,leastcottlq,kmccanelq@diigo.com,"aP0*)r(Q""ez"
784,brainardlr,mfomichyovlr@ucoz.com,lF0\l$@tGY}=y
785,rravenscrofttls,overeckerls@is.gd,pD4.vE<E**S
786,tbrookshawlt,ldodshunlt@infoseek.co.jp,cT2~}U`$
787,ecolnetlu,ndedeilu@cyberchimps.com,iI5<6\BZbBYAT
788,bdelamerelv,fpertonlv@sphinn.com,eW3>MzSJTCO
789,mcaseylw,mrevellelw@tuttocitta.it,"rT7/<vU)(MMq44,"
790,mchablelx,asladlx@fema.gov,"uA3@'>Z.Q*,QZ""4'"
791,cbeaumanly,cvaslerly@java.com,cY5!k~uKSUTg_b41
792,chindeslz,jroslinglz@nasa.gov,xC4&bwo}U}
793,lshelperm0,bwestwaterm0@yandex.ru,"xR1""$E)~K7%S"
794,etoothm1,gsticklerm1@webeden.co.uk,pJ9`UP\&zRv
795,nbarem2,thelwigm2@ebay.co.uk,eF1.ruIUh`?H
796,tdunwoodym3,einnsm3@ucoz.ru,fN1$<kE\\3@
797,dbrownsellm4,hfiridolfim4@state.tx.us,nE4<0HPm4
798,jsabattierm5,kpoynterm5@boston.com,"lE9},6025FLAHF\"
799,adyblem6,asteddallm6@wsj.com,kI7(Si$tE|BLOR
800,ddyersonm7,mmainem7@buzzfeed.com,rI5*|*ki5e5$9{z
801,rscrewtonm8,fcouroym8@techcrunch.com,vZ3*Co>_{S_q!
802,kcabanem9,sivushkinm9@elpais.com,"aO1)yCSU!,"
803,rgirdlestonema,bmorcombma@webmd.com,mI7\Or_p3
804,ashoobridgemb,rdeblasimb@sitemeter.com,tK5#PTMV#Pt
805,dgoodswenmc,sosheamc@arstechnica.com,"dT8=Ns.Sxv1""A*F"
806,kluciusmd,bkneeshamd@weibo.com,nU7}sf<)_1
807,tcockillme,dcragoeme@utexas.edu,tV3+%Lc5l_=
808,charviemf,cboxillmf@sitemeter.com,rB0<O@Yaj.i*wt
809,esheenmg,dfrittermg@hp.com,eR5*jZCkT>$
810,ewrassellmh,mfinnemoremh@moonfruit.com,sR8{}EBeoHN032f
811,cmckillopmi,npalfreemanmi@ucla.edu,"bL2\%FT#4G""fpEa#"
812,cdunsmj,cblindmj@ifeng.com,"fI5~P""g`RZS"
813,aberrymanmk,aardleymk@digg.com,pN7{lR2Ox/fij>
814,gpleasantsml,kpadwickml@noaa.gov,dU8|@gVt#b@
815,khubbertmm,wroulliermm@census.gov,nT4?6NP$LQ>g
816,ldownesmn,fdawidmanmn@hatena.ne.jp,hZ9!S6R7Oc.vq
817,ahadnymo,rwrassellmo@furl.net,pT6|AZYpK(
818,pcharlewoodmp,tlawlandmp@multiply.com,bW8}DS{4
819,lalstonmq,jtoplismq@cloudflare.com,"fR0%ImCnFk~\""{l"
820,tstrutemr,yletchermr@techcrunch.com,"mA8@A,Ka(/Q1c/"
821,amangamms,oscowenms@altervista.org,"mV5&s+s3""*l0"
822,sbeddonmt,agittismt@slideshare.net,jF1<W?3hW}utR
823,lbirkbymu,rlittlechildmu@spotify.com,bL8>cgXWEe
824,ctolmiemv,cblanchflowermv@squidoo.com,iB5+IUPzLy*2
825,fmoormanmw,egleetonmw@tmall.com,zM5&'kpay3Cs
826,rlyallmx,dshaudfurthmx@archive.org,"uL6(Hp!G,FdrpRR|"
827,mfordermy,sgadsdonmy@bloglovin.com,fO1>tdpyLM7\#9A{
828,mubsdellmz,lfranciottimz@vk.com,jW1.z`9t
829,aimpletonn0,hboytonn0@t.co,"jD3""(jcqe!i)6.j&"
830,haaronsonn1,apaurn1@pcworld.com,jS5&Hr8'\Ln{6
831,mthallern2,rstrugnelln2@ocn.ne.jp,"sI6""3%l!?cqU""ML"
832,hlaiten3,spullenn3@list-manage.com,kD4'sqCLt
833,dbaldryn4,mgiovanizion4@e-recht24.de,"sG4$v7,Ly'"
834,kmansbridgen5,rflynnn5@slideshare.net,"vE7,pVX%ug"
835,sbertolinn6,cmahmoodn6@ucoz.com,"yV2&\7'si""%h"
836,ljopen7,emcguinnessn7@shutterfly.com,bJ9<rs2FhlnM!
837,tscutchinn8,sjuppen8@reference.com,nT3$yy(6}
838,hdupren9,slitchfieldn9@trellian.com,"dD1(Z""x8h4P?M5n!"
839,adennickna,jhalbardna@homestead.com,dA1){$|Nf
840,jnorthropnb,mlakinnb@trellian.com,yA6&XMdv!uA8rEh
841,espellmannc,ccruikshanksnc@dropbox.com,aP3%@7J*?&283
842,jrednd,kbaldinind@independent.co.uk,kW2&F&fqOK
843,eskillandersne,bvolckerne@cafepress.com,"yL0""d%@o0c$dm/"
844,rbriggenf,umoralisnf@pen.io,"jJ9/D""BR("
845,gfilppetting,ychevesng@mozilla.org,aV2#9yzjl
846,afilsonnh,jhopewellnh@studiopress.com,tV3)oVt3n
847,crenshawni,fcleifeni@domainmarket.com,qK8`1qnhGo@!
848,tmeegannj,gurwinnj@bluehost.com,tN9{pCs.?bmd'PoN
849,groydonnk,kdenseynk@opera.com,vG6|``\AZ'q
850,slonghurstnl,imantripnl@google.com.br,tL5&`Wg_~UX
851,pgrundonnm,dsherbrooknm@reference.com,sD6.d#vU8oQUVQ
852,kbonhommenn,ogreenliesnn@timesonline.co.uk,wM3~6*$ZT1_Fm
853,swoodleyno,lsmillieno@amazon.de,"yC8{V,AKfh9,TR"
854,dcarreyettenp,vlaylandnp@mediafire.com,"mG2*1GS""W0O_q="
855,rmacilriachnq,elarosanq@nbcnews.com,"iH8}""l%c|~*P2w3"
856,diowarchnr,tgrevattnr@blinklist.com,vE3((6`0`Rh>
857,okissns,csimesns@amazon.de,pJ3.F/*0H$+
858,cmcgenisnt,hivanishevnt@wordpress.com,zP5~(1Vj@
859,abottingnu,klesurfnu@google.nl,"cY1""|0c|wjDqNuu"
860,bblasiusnv,rkimptonnv@samsung.com,"jV0&m@t|w}P@,RS"
861,earrandalenw,wbernthnw@nature.com,iV1@_`A2S&
862,cpietersmanx,lwisbynx@jimdo.com,sW4\g<(Ng/(cz
863,jfallaweny,sshepeardny@chicagotribune.com,"vX8+/PmBa."""
864,wrojnz,drubertisnz@freewebs.com,zW1~zd.2c
865,jrebeiroo0,toglessaneo0@pbs.org,qO2+!0BJQV&F@7eg
866,wbuttricko1,dthaino1@zdnet.com,dF1`r*d>61m
867,gmassero2,cdelicateo2@go.com,gJ6&&2|Gx!kpq5
868,sfrancescozzio3,lgilbarto3@eepurl.com,fR7&w0~/3zBgI?J
869,pfilipputtio4,amcgranno4@un.org,tS3|x5e(Yf
870,jemmoto5,cbrimmacombeo5@cnbc.com,fN7/%+94nJ
871,rhargreaveso6,bswaneo6@myspace.com,nT0%GGlO
872,etoffaloo7,aegdaleo7@blogspot.com,"yX2}Mam,r#n"
873,hellero8,bollero8@shutterfly.com,jO1)JH7.+
874,itunno9,escreatono9@yolasite.com,aN3(jrcbsO{
875,lkermathoa,cvenableoa@theatlantic.com,tG3`urAZi
876,mpomphreyob,dilottob@addtoany.com,mR5/m1h_kOH5?
877,clabbetoc,fmcateeroc@webeden.co.uk,qD4#)$'2@ev0
878,cgiggieod,fmckagueod@weebly.com,qX0?M\=XffNC'
879,dkuhnkeoe,ostennineoe@si.edu,tO2}|*s3pY
880,jkelemenof,gamberof@hao123.com,jE0@E$|M1F
881,lpawelog,pweepersog@virginia.edu,oG6*N3$lPQZ
882,pcockingsoh,rpitkeathlyoh@4shared.com,rK6@Lxmyu9BE
883,lavramovichoi,jberrymanoi@xinhuanet.com,"pF6&{""I45Mu'&<"
884,bkuhnwaldoj,bbertheoj@webs.com,yP9.jtLgw6it#qMn
885,akyndok,ccrookstonok@edublogs.org,yD2$?y3{mma
886,reasonol,kprisleyol@behance.net,"sS7)0cq,HYHQ>$jt"
887,wbrimmellom,tmcbrideom@oakley.com,"iO1$xz,cl+hkGg"
888,tcorneron,nsanchezon@indiegogo.com,"oA5(b""#/q_jqZ`"
889,katchlyoo,rjecockoo@so-net.ne.jp,"gU3',u5B,Mk"
890,mquippop,dzmitrichenkoop@php.net,bP6>IZN8|.T&6p
891,ulilionoq,kpehrssonoq@google.ru,mP6(~<%c
892,estanwayor,rjoutapaviciusor@pen.io,gE5@9L&.@a!MY
893,fvarrenos,hmcmanamonos@barnesandnoble.com,rC7!nBNP_
894,ddownerot,qchillingworthot@behance.net,"bG6=UOv""+9$nB,E"
895,kmillthorpeou,ebacksalou@scribd.com,wO7}N69Z@T}Oq*
896,bscoginov,wpidginov@edublogs.org,pL6!6twG
897,ftummondow,mfedynskiow@taobao.com,"zK3,a*Lkj@#"
898,charborox,eetheridgeox@omniture.com,cM3#nk9uaw
899,godonoghueoy,aschimannoy@fastcompany.com,"xJ7""L8Z3"
900,pgabbettoz,toneilloz@amazonaws.com,qQ8_<?Q8f~R
901,wblazynskip0,rcattrollp0@dagondesign.com,wR7#/u?RD<>Dw
902,ahullerp1,dnorthwoodp1@google.de,qU3#rBo9q
903,pmounceyp2,ddemainep2@pagesperso-orange.fr,cO0_IyJZ~8e1/mX
904,vbloodworthep3,wjamotp3@google.com.au,kH9!kNEr*w&j
905,lkrautp4,kevittp4@google.it,qC6>k((sVm
906,cspeachleyp5,tlukehurstp5@usa.gov,dG6_~k2jk
907,elyddiardp6,fkellewayp6@princeton.edu,"hP5$c,8Yd_*"
908,fsandp7,conealp7@spiegel.de,mL1@4xtDJD.}5!/Q
909,rpedgriftp8,gforrestp8@jalbum.net,mC0&EBG<@
910,rharnettyp9,nballintimep9@shinystat.com,nI4(X$q&
911,mhowtopreservepa,hberendsenpa@stumbleupon.com,hA9%Y}lqU
912,ibreslaupb,mgatelandpb@columbia.edu,"kH4+d&v\Tiw,zj"
913,wgamonpc,hmarttpc@hatena.ne.jp,nR5>dv2&sJjV}ldt
914,ifleethampd,wvossepd@npr.org,pU5!I(xBME
915,cpiffpe,aroglieripe@etsy.com,vA1|Xsp_6f#C9
916,gtremmelpf,mmacturloughpf@slashdot.org,dE8&8CPSX#{P9kHY
917,ngillmanpg,ahuetsonpg@exblog.jp,"bB5""C/hwYC"
918,mgomeryph,ntilsonph@csmonitor.com,rF9.FH5oqfuD
919,ubrookzpi,mmusgrovepi@slate.com,"rW1""&dZZ2"
920,psherrottpj,mgaleypj@examiner.com,aP8{>KSAfj3(dT>g
921,ohesslepk,nfrailpk@vistaprint.com,iE4~NW'VCY
922,tstollsteinerpl,bfillspl@constantcontact.com,sX3>CSN{zLToQL$
923,ddahillpm,ngoldsackpm@phpbb.com,tE7>E\yUu<
924,cfantonpn,shinchampn@huffingtonpost.com,mO7*v3H%u5$}2
925,imachanspo,gsetteringtonpo@mediafire.com,yR7=%L=_PmoA2r}k
926,abortolazzipp,rcellipp@weibo.com,iC1=yN\s6zcI
927,hfurypq,mdavidspq@google.co.jp,lQ0)x?cg948
928,ctuttpr,djaksicpr@soundcloud.com,"cB7#Ph""2t#f"
929,amillandps,tconnachanps@netlog.com,oL9*b&(Y
930,rjerrimpt,lgeggiept@bbb.org,dT2&.tXJ#
931,fspightpu,bpearsonpu@yelp.com,"rC6~X0+J/,"
932,cwigglesworthpv,jbaggallaypv@princeton.edu,dZ8_LNLM(jb=\yZ
933,stwinbornepw,hbuffypw@ftc.gov,"gT7=g3O,&"
934,rbarkesspx,vranypx@is.gd,iP4/'f_.
935,hduncansonpy,gwindridgepy@washington.edu,dI6/TrkYzt
936,rcalanpz,vtrenouthpz@bbc.co.uk,"cR7_bf/PK""}>"
937,jennalsq0,dbiskupekq0@google.com.au,gM0$qqK{Gn$kMiT3
938,lhughlandq1,rsneppq1@biglobe.ne.jp,vJ0?eEx5%U|>
939,jislipq2,efouldesq2@gizmodo.com,"eJ3#93x,xf}L"
940,fmessageq3,jkharchinskiq3@stanford.edu,sS8//EZS(}
941,anowakowskiq4,ecarthyq4@wufoo.com,"bT5_nM3WO""h'NM="
942,bsandallq5,gfablerq5@yale.edu,uT9(zlKw<HI}TX
943,dstronackq6,mburcombeq6@wikipedia.org,xW0@Q!(Yj`Nu
944,akohrdingq7,gleggeq7@google.cn,xL7*l.I\u\qb
945,wjobeyq8,nlittlewoodq8@seattletimes.com,"bF5,#(Bxjy"
946,adugmoreq9,rdengelq9@blinklist.com,"rL6""{5oNi?w0g"
947,wpetherqa,dgaulerqa@microsoft.com,pE3&IxLCvb
948,dpawelsqb,msalliereqb@google.nl,rP0|>8Z|{
949,jmaccullochqc,bhatherleighqc@whitehouse.gov,zI5\EaEAOEW\.=
950,agoomesqd,cblazeqd@adobe.com,xI6{$>c}jgzb=
951,glackingtonqe,pmccuishqe@narod.ru,yG1|>E+hL
952,ewalczynskiqf,mashfieldqf@senate.gov,tH0%/MdmFO
953,rashwinqg,tduiganqg@bravesites.com,oI0+/aCs*~DmgLj)
954,osciussciettoqh,edegoeyqh@de.vu,jP4>Hu{mBS=#YOh
955,emillionsqi,aizakovqi@guardian.co.uk,yH7?3gmZ
956,rminithorpeqj,bpabloqj@ocn.ne.jp,tC0@%Qy~|\TU'3
957,grosenwasserqk,qmaccrachenqk@yelp.com,zS7~02~%?KiSE
958,hspickettql,wkeaysql@multiply.com,zB7}NkPtR2q'P=L
959,bcullenqm,dpaulmannqm@mapquest.com,oF7`$}YShX
960,mscurmanqn,ledensorqn@so-net.ne.jp,lK5&@IRb%
961,mblackeslandqo,aclaworthqo@seattletimes.com,"wX9+3+,Me"
962,mgullaneqp,dmerrimanqp@dedecms.com,iT1_=j/Ko
963,fchsteneyqq,skirtlanqq@storify.com,dH1`Db&+%P
964,bslocketqr,aklaessonqr@yale.edu,"hO4?_LN$""w1.(+7"
965,hbaldacchiqs,imealandqs@360.cn,fM1\6/e3Ckk
966,ddomoneyqt,elewerqt@cloudflare.com,lG6#Fq8v|ZGIvT`
967,adwyerqu,kkleinermanqu@dot.gov,hV9/=8W5s~
968,jliquorishqv,lsackurqv@hugedomains.com,yP3<P\Qjmrdo
969,cellcomeqw,ddowdamqw@wikipedia.org,lL0+o6%P\50qMl
970,lyurocjkinqx,skilkennyqx@etsy.com,sV1$13o7<
971,givattsqy,acresswellqy@trellian.com,fS1'B~F9Q~l
972,hduigenanqz,pbolducqz@joomla.org,nQ5`q)84?mK}/XF
973,gcroomr0,amacdunlevyr0@g.co,gV2`+|RP
974,gmerfinr1,tsoppettr1@taobao.com,yC3=\CM!%
975,ghorcher2,ewaterdrinkerr2@flavors.me,"bQ6~l,}R"
976,sbuttgowr3,lbecomr3@wired.com,"xV9@""zcXC>3'43q"
977,ccailer4,nlealler4@reuters.com,"dN4,Mpc%?#"
978,hmchanr5,tgrishaninr5@elpais.com,cN9}+\R+Vq_X
979,amacilhargyr6,nbyrer6@weather.com,yY0%'Hk=uhcQ?hK
980,mbenfieldr7,jmacfadinr7@e-recht24.de,xG1)7xRl_N
981,bgaythorr8,jsuggeyr8@youtu.be,"wU4,D\(N8W"
982,vtwelvetreer9,sliccardor9@chronoengine.com,iR6/E|zhYG`KV
983,sgeroldora,kcartmelra@usnews.com,"oU5@)""C,|?O5ATM="
984,oashmanrb,kwikerb@usnews.com,aI0$mqS}ssb<bqRu
985,ademicolirc,egallantrc@devhub.com,dA1|RmH)ia)_Z<
986,vbowichrd,crosengartrd@latimes.com,kU1|s/ho6=RoS(?*
987,msykesre,ghurlestonere@pagesperso-orange.fr,bE5=#uBUFQ<7a
988,ngoudarf,ledmonsrf@dagondesign.com,"pQ1.,J>VPHx"
989,iscarlinrg,rmogierg@dell.com,fN6>+@FK
990,ptintonrh,bstrowlgerrh@goo.gl,"hC3+,Xgg8"
991,tjeffressri,mmiltonwhiteri@freewebs.com,cT5#UJ(k
992,gfranciolirj,hduddyrj@biblegateway.com,lG4}CIQ\}fzhXIbK
993,mpusillrk,aizakovrk@disqus.com,dE0|G/b?9X
994,lswiggrl,tcadlerl@arizona.edu,aT4`$A/K4A<
995,clachezerm,smeanwellrm@issuu.com,fB9*e=f7g8i(
996,rduvalrn,tbulfordrn@mozilla.com,"cD2,`R\v&m!"
997,lmillearo,cradloffro@uol.com.br,mM6(~*8Qk)5K
998,hpetrenkorp,amunnrp@deviantart.com,yD4&We\VITD).9
999,rmccourtierq,cmottersheadrq@wikipedia.org,iQ7|j6s/Poz%
1000,kpoundfordrr,hshortrr@salon.com,pV1*4g?{b@p
