id,name,email,password
1,Lunea Witt,urna.et.arcu@hotmail.couk,KQJ78JAU8QD
2,Xander Dotson,phasellus.at.augue@aol.net,WVK84SSR4SM
3,Sophia Duffy,magna.cras@outlook.org,QLU48ZXP9SS
4,Patricia Wood,odio.phasellus@icloud.edu,GGW28WIX7VA
5,Kyla Carpenter,lectus@yahoo.com,QZQ79UOJ5BG
6,Aaron Saunders,quam.curabitur@outlook.net,QWB32LLI2EW
7,Thor Webb,nam.ac@aol.edu,TCT55OZG8BX
8,Marvin Marsh,sed.sapien.nunc@protonmail.couk,RSV20CQO2CY
9,Bo Booker,tristique@icloud.edu,SFI83PQZ7LX
10,Jonah Townsend,non.luctus@hotmail.com,YWH00POR1CJ
11,Robert Cantu,ligula@protonmail.edu,ONH29HDN5ZK
12,Malachi Beasley,cras.vehicula.aliquet@outlook.com,UMY79QIX3FB
13,Orli Buckner,ac.turpis.egestas@icloud.net,UUE42EVG8PB
14,Mohammad Christian,neque@google.edu,WRI25CGP2GA
15,Tamara Christensen,phasellus.fermentum@protonmail.com,EZH46HFK6KJ
16,Amela Dodson,amet.lorem@hotmail.couk,KBN05BEC6HJ
17,Lisandra Lambert,bibendum@hotmail.com,ZXF12QTY9SG
18,Mari Todd,at.pretium@icloud.couk,WJT32FLS8KV
19,Justine Floyd,metus.vivamus.euismod@yahoo.couk,ZXW43VDU8HO
20,Reece Hudson,risus@hotmail.net,YLM22JYY3VG
21,Noel Joseph,justo.faucibus.lectus@aol.net,VNC64ELC8TO
22,Chester Lynch,dolor.fusce@outlook.org,TPK10BUS1XM
23,Camden Jackson,ornare.tortor@outlook.ca,ASR21DRB4YZ
24,Steel Moore,vulputate.velit@outlook.ca,JNY36JEX2YM
25,Raymond Davenport,integer.mollis@hotmail.edu,PTR46KMD6XN
26,Dexter Parks,a@google.net,NZW54KLE3JV
27,Amery Conrad,justo@outlook.couk,MWN13WRT1JU
28,Chaim Dixon,posuere.enim.nisl@yahoo.net,QJG58SVL6TL
29,Jelani Figueroa,et.magna.praesent@hotmail.edu,CWL72DUI8LR
30,Tad Dotson,mollis.integer.tincidunt@protonmail.com,XCW96YLA6GB
31,Xandra Carey,donec.tempor.est@outlook.couk,VXG72TKF2XP
32,Lester Greer,bibendum.donec@hotmail.couk,UVJ24WYV0QQ
33,Rhoda Rasmussen,massa.rutrum@google.org,JFO79BPN5HC
34,Basil English,rutrum.non@google.couk,LHA85UYX7YV
35,Abel Mcguire,curabitur.ut@outlook.edu,NBJ88ZIZ9XK
36,Cynthia Spence,placerat.velit@hotmail.couk,ZHQ30QGH5CL
37,Alexander Wall,sit@hotmail.org,SWS43JFD8JE
38,Dante Craig,lectus.pede@icloud.org,ZNT87QFT3BH
39,Vance Puckett,ut.pellentesque@aol.couk,HTI33YXL1WT
40,Eliana Faulkner,a.nunc@hotmail.edu,IXY72NFI9GW
41,Gemma Ball,hendrerit@outlook.couk,CDH26NEQ1CZ
42,Colorado Bolton,sit.amet@protonmail.org,EQP40SWZ9OE
43,Adele Sanchez,aliquet.lobortis@google.net,EKU52PBB0ZK
44,Paula Barron,cursus.a.enim@outlook.org,NRW32HXI0PD
45,Hasad Sanchez,nibh@hotmail.ca,RDN85FOD1FO
46,Mechelle Brady,mauris.rhoncus.id@yahoo.couk,UPP36EJQ3HF
47,Maryam Camacho,vitae.mauris@outlook.couk,XYK77XSB3QO
48,Simone Barlow,ultricies.sem@google.ca,AWD41SRC8VB
49,Curran Salas,purus@yahoo.couk,WOJ14HYN9WM
50,Mark Torres,tellus.phasellus.elit@yahoo.net,DTJ34WLP6US
51,Nasim Carrillo,etiam@aol.com,EJK15YXM0WX
52,Ina Bird,id.risus.quis@aol.org,UCG15EQI2RJ
53,Timon Bernard,nam.ligula@hotmail.net,ART34SCQ1NK
54,Kennan Ortega,elit.pellentesque.a@hotmail.edu,QGP54LOV3PY
55,Nelle Crane,ut@hotmail.edu,GJJ84PTV5SC
56,Briar Owens,amet.orci.ut@protonmail.com,RNJ16JCS4MI
57,Donna Chen,fringilla@outlook.org,LFD26WUZ2ET
58,Knox Ingram,dapibus.rutrum@protonmail.com,HXN60RZT1YG
59,Violet Whitney,elit.fermentum@icloud.ca,UGI06PUF4FW
60,Hashim Serrano,ac.facilisis@outlook.ca,BPY31KWO1XE
61,Dennis William,blandit.enim.consequat@protonmail.couk,CDW42HTE6HD
62,Wyatt Freeman,dictum.eu.eleifend@icloud.net,ZGZ66FFE2AP
63,Dominic Maddox,sit.amet.risus@outlook.edu,WKX92RFA3PN
64,Breanna Buckner,in.consectetuer@google.org,NXP38RPD4TK
65,Garrett Melendez,fermentum@hotmail.couk,GEJ54DDH4GR
66,Amery Avila,sapien.molestie@outlook.org,TID04YCG5SO
67,Brody Allen,eu.euismod@protonmail.com,WWP77LCV4EF
68,Vivian Humphrey,et@google.couk,WPO98BOC1OP
69,Chaney Gentry,facilisis@aol.net,FQG03OMW0VS
70,Susan Calderon,eget.massa@outlook.org,QUY73AIW1SO
71,Jane Perez,adipiscing.enim@icloud.net,OSH72CLN4BJ
72,Wendy Vinson,massa@hotmail.edu,ISN42VCG2UA
73,Joy Norton,velit.eu@yahoo.com,EUH78GLV5NR
74,Sage Thornton,massa.suspendisse.eleifend@hotmail.net,MMT26EWE8QX
75,Barry Moss,ut.nisi@outlook.ca,WTW31IYW7LM
76,Vernon Harmon,porttitor.eros.nec@outlook.ca,LWY95FOV9LU
77,Marvin Brown,vulputate.lacus.cras@outlook.com,SRB68WLX8SQ
78,Howard Sweeney,erat.etiam@hotmail.com,FIQ11TNG2SW
79,Veda Roach,vitae@icloud.net,RVO08KLN7ME
80,Rosalyn Sears,nunc.interdum@protonmail.couk,CIM14HQK3CD
81,Oliver Roman,ante.ipsum.primis@hotmail.org,DVH55YMH1GU
82,Tatyana Parsons,magna@aol.net,YVU31DGZ5FH
83,Harding Sexton,neque.tellus@google.org,WNQ13LLJ2FJ
84,Channing Carson,dictum.eu@google.ca,KFJ82LKS9MN
85,Amal Mccormick,sit.amet@google.com,BYY44DRJ0IN
86,Lani Callahan,eget@hotmail.net,EDI11GWC4LW
87,Logan Clayton,consequat.auctor.nunc@icloud.net,ABM58NDF2GB
88,May Mejia,nulla.in@outlook.ca,TEH13NTH6PY
89,Dillon Hobbs,urna@yahoo.org,LZB89GIF0HV
90,Hammett Owens,donec.non.justo@icloud.org,GMP88POD0IF
91,Dennis Floyd,sed.est@outlook.com,YVC78FQH3QN
92,Stewart Velez,montes.nascetur@aol.com,ZHU78OSO1LF
93,Norman Henson,class.aptent@outlook.org,BSQ82LWY4PI
94,Shelley Craft,pharetra.sed.hendrerit@yahoo.couk,EPL04NFX7LS
95,Autumn Calderon,malesuada.malesuada@aol.edu,HXR31JVR8YG
96,Chandler Villarreal,ipsum.primis@protonmail.edu,DEL95EQO0JS
97,Sharon Espinoza,imperdiet.non.vestibulum@outlook.couk,SED88RNW4XR
98,Elton Chambers,est.mollis@yahoo.ca,RKG77SJN3UW
99,Aline Byers,mi.enim.condimentum@yahoo.net,VDN90BWT3PP
100,Rhona Beach,urna@aol.org,VSS17MKJ7AD
101,Joshua Rosario,mus.donec.dignissim@outlook.ca,COL63EDO2SR
102,Stewart Wynn,rutrum.lorem@icloud.ca,HAF24UHV4EX
103,Keiko Bowers,amet.dapibus@aol.net,DJM68DYJ7CO
104,Noelle Small,et@outlook.net,WVO36GJN5IT
105,Adena Mckinney,sapien.molestie@icloud.com,WKN12FNX0TQ
106,Eve David,metus.in@google.com,OIX76YWK3SR
107,Jack Booth,sed@protonmail.com,RMZ35KFL2EV
108,Addison Cox,molestie.arcu.sed@icloud.ca,JYP77GVT5GF
109,Rafael Anthony,turpis.nulla@protonmail.net,HFI44YPC5MK
110,Nissim Villarreal,sem.consequat.nec@yahoo.ca,CYD65WKS0CU
111,Leah Navarro,urna@icloud.ca,KKB12NQH7QS
112,Ulysses Horne,aliquam.rutrum@icloud.com,CHX35UOR8OM
113,Stacey Bonner,pretium@aol.net,COU64MCQ9PG
114,Andrew Wilson,commodo.at@icloud.ca,HPV42DMZ8MB
115,Reagan Burch,interdum.curabitur@yahoo.ca,EXU16MKI9IG
116,Melanie Houston,duis.dignissim@outlook.edu,PQD96QCS5JO
117,Mallory Vaughan,dictum.cursus@outlook.couk,XBN83KMY5WN
118,Hoyt Greer,nec.urna@google.com,VMG46KBM2KB
119,Ivor Irwin,ornare.lectus@hotmail.ca,BRT42MYE2MQ
120,Josiah Montgomery,malesuada.vel@hotmail.edu,UJY16QTF5BB
121,Jorden Combs,sit@hotmail.couk,ORQ22BEO3OJ
122,Wallace Griffith,ut.dolor@protonmail.edu,FVL32HZR7GX
123,Fuller Butler,donec.nibh.quisque@hotmail.org,YSF46XOU7FR
124,Kiayada Woodard,ipsum.phasellus@hotmail.net,KYG73HGF3DS
125,Francis Perry,pede.sagittis.augue@icloud.couk,PPG94QEL5CF
126,Dylan Wall,penatibus.et@hotmail.com,TFL03ONY1YP
127,Paloma Dunlap,imperdiet.erat@hotmail.com,UWS75GZV3DH
128,Yael Brock,nulla.integer@outlook.edu,GOR64MEL0TO
129,Cole Hill,ac.mattis.ornare@outlook.com,LUO35GZS2WC
130,Ezekiel Johnston,suspendisse.non@icloud.couk,BWL58WPV3HY
131,Jakeem Middleton,phasellus@yahoo.org,DGA56SES6DU
132,Lester Henry,nec.quam.curabitur@aol.com,FJF71QYC9LR
133,Margaret Nichols,integer@hotmail.edu,TZN03NZW5MC
134,Walter Noble,non.vestibulum@aol.ca,QVV61YCF1OJ
135,Rafael Mathews,a.auctor@outlook.edu,JFR51LHN7NC
136,Mary Mack,facilisis.eget.ipsum@icloud.org,RIO32RIJ2VH
137,Robin Dudley,posuere.cubilia@hotmail.edu,EZF83XIV8AU
138,Lunea O'brien,faucibus.leo@hotmail.org,QLS58RFS1CL
139,Georgia Tyson,duis@icloud.ca,RLB75IIJ4XP
140,Ishmael Dalton,nisl.quisque@aol.edu,SCS75YDT7QE
141,Ivy Ochoa,at.arcu.vestibulum@outlook.com,BSP81UWI4CD
142,Macey O'connor,eget.dictum@protonmail.couk,LNW36NXV4LB
143,Shelley Young,nulla.interdum@icloud.edu,EZJ04RKD8YF
144,Hamilton Hanson,integer.tincidunt@hotmail.couk,WIV96NFB8XP
145,Brenna Powell,bibendum.donec@hotmail.ca,XIF28KOU8FE
146,Charde Tran,lorem.ipsum@protonmail.edu,FFN17OLF2XO
147,Lee Snider,sed@protonmail.org,CGD29HTC0EB
148,Alika Clemons,nulla.dignissim@yahoo.couk,CPA26GOV0RZ
149,Inga Juarez,suspendisse@protonmail.com,FBR41QUG1BJ
150,Lilah Grant,dolor.egestas@icloud.com,KCP52BYK4JF
151,Jaquelyn Weiss,dictum.cursus@outlook.couk,IVM54WHG4TW
152,Evelyn Burnett,fermentum.metus@hotmail.org,AUG17BLL5KC
153,Michael Blankenship,lorem.ut@protonmail.couk,XSE71VIF1WI
154,Phillip Mccray,varius.et.euismod@protonmail.org,GII67YTD4CY
155,Chastity Tyson,mi@hotmail.com,NHJ16NDB4RV
156,MacKensie Puckett,imperdiet.ullamcorper.duis@yahoo.net,DOJ44EWS9CQ
157,Ori Carpenter,quis@icloud.ca,MXO51LXS4MH
158,Laurel Allen,lorem.donec.elementum@aol.ca,YUV23GMQ6HE
159,Lucian Hewitt,tristique@hotmail.couk,MLG45VGC3GP
160,Emery Vasquez,sollicitudin@protonmail.org,PDL58PON2RU
161,Zenia Gonzales,nunc.pulvinar@outlook.edu,OWU09URC1PN
162,Ronan Gay,nunc.sed@outlook.com,XEB27JTW2LY
163,Camden Ward,orci.consectetuer@icloud.net,BSR12GTU1GX
164,Flynn Jackson,neque@google.couk,QNM26GJJ3FC
165,Ariel Jacobson,urna@outlook.net,BHD41AQX1QC
166,Melanie Ewing,rutrum.urna@icloud.org,YKU00KGE6RK
167,Salvador Colon,primis.in@protonmail.edu,VEJ71SIC0IQ
168,Tad Zamora,nunc.mauris@google.org,WYL15POC2NL
169,Zane Velasquez,elit.pellentesque@google.ca,GBZ18RVB5YZ
170,Rudyard Mcpherson,cursus.et@hotmail.net,XEQ47RVR2ZL
171,Emerson Leonard,phasellus.in.felis@aol.ca,BFX74NQH7XB
172,Lisandra Graves,donec@google.net,MTP34GOJ3SH
173,Angelica Morrison,tincidunt@google.net,ECB08WTB7PF
174,Dexter Bray,sed.sem@yahoo.com,OEU81SXX5EW
175,Jaquelyn Miller,nibh@aol.edu,FXB40XBX6OL
176,Raymond Madden,nulla.magna.malesuada@yahoo.ca,KMW26IPB3HJ
177,Wilma Hernandez,eu.ultrices@google.net,QVO21GQU9VR
178,Daryl Cooke,rutrum.magna.cras@google.net,DJM72CHF8MV
179,Jade Dunlap,urna.convallis.erat@yahoo.net,VDM12MNU2JS
180,Holmes Daniels,feugiat@hotmail.couk,JWP60NVL3EU
181,Reagan Dalton,aliquam@google.ca,UGN45DSM3VP
182,Lewis Kaufman,eget.venenatis@aol.ca,DCJ65JNG1CS
183,Bell Dennis,lorem@outlook.couk,XYT25JNF8JL
184,Bruno Day,tempor.bibendum.donec@icloud.ca,TTW84JMT1EK
185,Kitra Sparks,vestibulum@outlook.couk,BEK47SWH4EI
186,Pascale Acevedo,tellus.imperdiet.non@yahoo.net,WGM18TKI8JW
187,Wayne Arnold,mi.felis@protonmail.couk,ONZ42PFT2RW
188,Castor Bradley,varius@google.edu,VGZ68DRG3UE
189,William Middleton,in.hendrerit@icloud.org,NBO18IVA0RE
190,Adria Mclean,diam.luctus.lobortis@yahoo.org,LHU41DFO4LR
191,Jennifer Torres,aliquet.sem@yahoo.edu,UCK23RQV3XY
192,Michael Griffin,sem.egestas@yahoo.net,LSM71RWX2GX
193,Adam Whitfield,sem.pellentesque@hotmail.couk,TOY10EOT4KW
194,Bernard Sears,quam.dignissim@protonmail.ca,NFQ46WNZ3SM
195,Brock Bentley,urna@outlook.net,SKP77YHI2BE
196,Demetrius Hancock,nullam.feugiat@icloud.com,FOE88HNU1YY
197,Sydnee Clay,vel@yahoo.ca,XDT37CPR7LF
198,Stella Cunningham,et.ultrices.posuere@aol.net,YAL87IUF3LD
199,Carlos Ross,ornare.tortor.at@google.ca,FQB81CSF4PG
200,Aline Parsons,a.facilisis@outlook.couk,BUB68BCU2GC
201,Arthur Spears,arcu@outlook.couk,QRR64BOW3JF
202,Quinn Villarreal,amet.lorem@aol.com,YHF58SAQ5LX
203,Trevor Orr,amet.orci@protonmail.couk,GLB21PCD6VD
204,Kenyon Fuller,tincidunt.dui@google.com,HNF23IEF5CR
205,Jada Blair,ornare@yahoo.com,BCV03KQH4PJ
206,Garrett Joyner,dictum@aol.org,BCZ20TLA0YX
207,Rinah Dorsey,sagittis.augue.eu@hotmail.ca,WWK03BTG8JP
208,Plato Workman,magnis.dis@protonmail.edu,JBK79BYB6RQ
209,Kibo Bradley,natoque@protonmail.couk,ADU12VBG1YT
210,Hayden Martinez,lacus.cras.interdum@hotmail.org,FWG47GBX0NP
211,Eaton Mcclain,felis.donec@protonmail.edu,WOY14AGX3SW
212,Imani Russell,ligula.nullam.feugiat@protonmail.com,ZLY21CGB2NK
213,Allistair Jacobson,eu.eleifend.nec@hotmail.ca,QAM22MCU2SO
214,Mohammad Clay,turpis@icloud.net,GNE54JID6IJ
215,Raphael Simon,dolor.fusce.feugiat@yahoo.com,DED24YTK1UR
216,Mohammad Harrison,donec.tincidunt@outlook.com,JKS14IVS6ZE
217,Macaulay Rogers,tellus.aenean@outlook.org,EIB55LKV8JE
218,Benjamin Mcdaniel,urna.et.arcu@icloud.org,PNG71OHJ5VJ
219,Talon Church,arcu.vestibulum@aol.net,TRV92JOE5HT
220,Lavinia Sampson,pharetra.ut@yahoo.ca,YXY93FLI1QH
221,Cameron Justice,amet@yahoo.net,HNT31HPJ6KG
222,Burton Powers,sed.dolor@google.edu,IOS46LSR1WL
223,MacKenzie Duffy,interdum.curabitur@yahoo.com,KTL44WFR5BQ
224,Faith Luna,luctus@hotmail.edu,UFS62IAC6MZ
225,Whoopi Crosby,pede@protonmail.net,MCU73UTL0XY
226,Maxwell Harding,eros.turpis@google.ca,CFV57VQV1FF
227,Willow Clayton,ipsum.sodales.purus@protonmail.org,IFT22ZXY6WE
228,Fiona Dorsey,taciti.sociosqu@icloud.net,IQC44UXS8XV
229,Quamar Nash,justo@yahoo.org,ZRP88KLP6JT
230,John Wynn,eget.venenatis.a@hotmail.ca,AHT74NQG1VR
231,Francesca Hyde,orci.luctus.et@google.edu,MWN16WVW3FY
232,Teagan Kramer,curabitur@protonmail.couk,WSR44PKW1HG
233,Zelenia Marks,sagittis.duis.gravida@outlook.edu,IRO92XIE5EY
234,Bethany Mendez,non@protonmail.org,HYG81OOR8GK
235,Edward Waters,quis@hotmail.edu,LRY08YAR2JS
236,Mufutau Mays,ipsum@icloud.edu,QSZ96IYG5WE
237,Jacqueline Hernandez,sit.amet.nulla@outlook.couk,FBF33OHU8WT
238,Britanni Carney,in.mi.pede@hotmail.org,XED17DXQ9NI
239,Edan Cruz,id.ante@icloud.org,ZPU06DUR9BY
240,Myles Swanson,enim.mi.tempor@icloud.ca,GNO93EMB5LO
241,Ivan Patel,elementum.sem.vitae@hotmail.org,HFE06XXP0OJ
242,Herrod Dixon,est.arcu@protonmail.org,VCR88QGO0NB
243,Madonna Cohen,nec.cursus@outlook.org,UBP98YBI4JD
244,Elaine Lane,parturient.montes@aol.com,JQO12VBH4LQ
245,Denise Savage,lorem@hotmail.ca,ZCR38TQW7QY
246,Harrison Macias,ac.mattis@yahoo.ca,LWS75YJI5IX
247,Indigo Kelly,neque@hotmail.edu,GTR95BOR2ZI
248,Clinton Guerra,mauris@google.org,POE10YPV1HW
249,Warren Montoya,elit.pede@aol.net,NBB12CAL4CN
250,Caldwell Robertson,suspendisse.ac@icloud.com,MPJ42PQD3LL
251,Solomon Taylor,sagittis@outlook.com,JKK47BII5BY
252,Hammett Pierce,libero.morbi.accumsan@hotmail.ca,TFL30RIO8QH
253,Judah Delaney,sapien.imperdiet@icloud.edu,EEO25PEW2QC
254,Wing Livingston,sed.dolor@hotmail.couk,EVN53TUK1RP
255,Larissa Cobb,in@yahoo.com,KWA46YTF4JG
256,Aristotle Stout,eget.magna@outlook.com,RZV69QHE8FV
257,Cain Gallegos,sagittis.semper@outlook.com,JMP29BPO0HH
258,Keegan Rowe,diam@yahoo.edu,PAL60DLU6YH
259,Conan Chapman,hendrerit@aol.com,SYO97WTW5FD
260,Melodie Parsons,donec.porttitor@google.couk,NCL41ZSJ7LN
261,Zeph Dyer,ornare.fusce.mollis@outlook.com,IIL22SJM2IF
262,Hollee Sawyer,adipiscing.lobortis@protonmail.couk,QEG37GZQ8LW
263,Leslie Fletcher,in@outlook.org,KBI66MTW2DU
264,Arsenio King,netus.et@yahoo.org,CGY86NTM9YO
265,Farrah Molina,nam.tempor@google.com,LVN52UQP9PR
266,Kareem Ortega,vehicula@protonmail.org,MPF62MRU4AU
267,Zeph Bartlett,elit.curabitur@icloud.ca,SOU88SBC5NK
268,Uriel Warren,ipsum.leo@icloud.org,NSX02BQS6NS
269,Talon Dominguez,gravida@google.edu,SHL26QID6UD
270,Aretha Avila,ac@protonmail.org,DTE57DKI5QR
271,Wallace Rosa,commodo.hendrerit@google.com,PXO41KGI9BI
272,Jena Hyde,vitae.dolor@protonmail.ca,SIF30SQX5RR
273,Brianna Burnett,sodales@outlook.edu,UBB44NJK2GX
274,Dillon Ingram,velit.in@google.net,HUY99VIZ4YB
275,Jordan Maxwell,elementum.sem@protonmail.ca,IVM79NXI9QD
276,Abigail Strong,ante.nunc@icloud.org,ORI17PRQ4KD
277,Liberty Pollard,a.magna@outlook.com,OWA10JST2UC
278,Lester Workman,auctor.velit.eget@protonmail.couk,NCW73LSY3TT
279,Caldwell Owens,quis.massa.mauris@aol.org,BIK26ERY7IG
280,Salvador Ayala,ullamcorper.nisl.arcu@yahoo.ca,MUT23KIQ4FW
281,Gloria Dean,neque.vitae.semper@hotmail.couk,TWW78YIF2ZQ
282,Chaim Middleton,duis@icloud.org,NPS45ZUY2RH
283,Fritz Joseph,nec@protonmail.com,NDX87PME7FP
284,Dora Cohen,nam.ligula@google.com,QUV83UZO5JW
285,Rose Conner,risus.duis@protonmail.com,EOQ03SGT3EV
286,Jonah Willis,magna.ut.tincidunt@outlook.couk,NMI64AWK8EN
287,Thaddeus Klein,nec.enim@protonmail.couk,RHY56IOX2UE
288,Ethan Hayden,convallis@google.ca,JUC44FNC3WS
289,Len Mejia,dolor@icloud.couk,KOZ72HVY7IH
290,Walker Slater,cum.sociis.natoque@protonmail.ca,NYI13INQ4NN
291,Quyn Fowler,ultricies.ornare@hotmail.ca,LLT22JRL2AY
292,Byron Strickland,ultrices.posuere@protonmail.edu,KNJ24MPI7FE
293,Ina Sullivan,congue@icloud.com,GYD85DLF3DI
294,Lawrence Knight,penatibus.et.magnis@outlook.couk,ZKD52IDL5DN
295,Malachi Trevino,proin.velit.sed@outlook.edu,SUY55BQL3LN
296,Noble Gibson,adipiscing.lobortis.risus@google.ca,NIS73QGI5VI
297,Gay Kidd,urna@aol.edu,JCO73PLY6NR
298,August Valdez,aliquam.erat@aol.org,NGH58MMD1CR
299,Joel Becker,venenatis@outlook.edu,ATB83LWB3BM
300,Hedley Randolph,penatibus@yahoo.couk,JKV47QEO5JI
301,Alden Allison,ridiculus.mus.aenean@aol.org,HLW84VBD8LS
302,Aidan Dyer,ullamcorper@hotmail.ca,JAQ12TLV1BJ
303,Edward Britt,in@outlook.org,EQE75FVR4RV
304,Anthony English,eget.metus@hotmail.com,PSL12ZQX1IZ
305,Abra Martinez,malesuada.fames.ac@icloud.couk,DUV75NOU1HM
306,Libby Beasley,cum@google.edu,ZPC13FUN1EC
307,Arthur Ferguson,arcu@protonmail.com,FLS04HQT8QN
308,Lyle Dixon,blandit.at.nisi@hotmail.net,FBF32URI9SL
309,Cyrus Ward,facilisis.facilisis.magna@protonmail.org,XMF63INE5MM
310,Baxter Stevens,augue@icloud.ca,XIH73ZNK7OE
311,Jasper Vang,lacus@yahoo.net,KLF71SVM9KI
312,Jerry Pitts,non.cursus@hotmail.ca,DME64BZB8QB
313,Guinevere Silva,fusce.mollis.duis@aol.couk,FRJ55XXD4OM
314,Isaiah Giles,sed.et@protonmail.org,YOJ39NLI5XB
315,Tamara Walsh,hendrerit.consectetuer.cursus@google.couk,NPK46ORL2YT
316,Robin Mullins,per.conubia@yahoo.com,CVU74RLV1VK
317,Charity Ashley,ullamcorper.magna@outlook.net,SKN15QAW7LC
318,Lamar Peters,ante.bibendum@yahoo.org,CKM83WLP4CF
319,Serena Jenkins,arcu.nunc@yahoo.edu,XOQ78URT8CJ
320,Darrel Torres,rutrum@yahoo.com,HVT13KRE6JS
321,Caldwell Crawford,dolor.tempus.non@protonmail.edu,RIF84OUX1QI
322,Evan Albert,massa@protonmail.edu,JKH27LLF8CK
323,Abdul Yang,purus.duis@google.couk,YNS43QGE7ED
324,Kylie Harris,primis.in.faucibus@outlook.edu,ZVG05XVD1EU
325,Cooper Juarez,donec.nibh@yahoo.couk,AOU43HHN5UD
326,Shea Livingston,a.nunc@protonmail.ca,DKW22PCG7BQ
327,Garrett Mercado,duis.ac@icloud.ca,BJC27JYW3IS
328,Quin Conner,donec.vitae@outlook.org,RIQ68HOP5TJ
329,Inez Mcpherson,adipiscing@icloud.org,OLY34QWK4YD
330,Palmer Kline,elit.dictum@icloud.ca,LVI64TVD8JT
331,Chloe Bradley,cum@protonmail.org,CQL86HRP1BD
332,Nicholas Miranda,sit@aol.net,EPF34ATF3SU
333,Madison Nolan,proin.non@google.couk,UQH89FIT2PJ
334,Velma Moreno,nunc.ac.mattis@yahoo.net,SAE79GZD0XB
335,Karleigh Riggs,nascetur@yahoo.net,IIB64UCM2UU
336,Edward Dale,ligula.nullam@icloud.couk,EUU64FIB4PI
337,Kelly Walls,cras.pellentesque.sed@yahoo.edu,DSG16RFG6DR
338,Dean Robertson,suspendisse@protonmail.ca,GEH21ZWJ3NF
339,Jocelyn Tanner,vel.mauris.integer@icloud.edu,BKQ24SMO6AY
340,Ahmed Crosby,elit.fermentum@icloud.edu,WGD00CXH5FT
341,Colt Pearson,vel.arcu.curabitur@yahoo.edu,DRU24PCG3SM
342,Slade Mclean,aenean.eget@aol.edu,GPK32MEE4VS
343,Jenna Goff,sociis.natoque.penatibus@google.net,LMQ30HHC2OU
344,Lucas Byers,ipsum.non.arcu@protonmail.couk,ISK07KXJ7NC
345,Owen Mccoy,semper.nam@hotmail.edu,WXG45WOQ2WH
346,Acton Wallace,sit.amet@aol.edu,QIN30KFL1RS
347,Jasmine Greer,vestibulum@google.org,VXR18NST7EQ
348,Troy Aguilar,fringilla.purus@icloud.couk,FNM72CAR3NM
349,Kyla Greer,risus@aol.couk,JQG55QWR1UL
350,Aquila Norton,mauris.ipsum.porta@hotmail.edu,TJA14GQP3HB
351,Cameron Christensen,vulputate.posuere.vulputate@aol.edu,VII26YRI0JN
352,Quynn Vaughan,dictum.mi@hotmail.com,HVL22ZQJ5SB
353,Chester Ochoa,eu.neque@google.couk,NOU37OXD6DC
354,Martha Tanner,purus@hotmail.org,RIY72QVQ5EJ
355,Elton Aguilar,vulputate.risus@icloud.org,YJO11XTI6GX
356,Penelope Lawrence,et.magnis@aol.ca,JIN86SQU2QE
357,Stone Gross,felis.donec.tempor@outlook.net,KGJ63JBU7BL
358,Pamela Steele,felis@hotmail.couk,NLO72SMF1FK
359,Halla Lancaster,sollicitudin.a.malesuada@outlook.ca,YQD12OBZ6JF
360,Xena Hancock,egestas.fusce@aol.couk,KIY92SJJ0OO
361,Benedict Graves,id.enim.curabitur@hotmail.couk,XNY63YGI5RN
362,Tyrone Ford,elit.elit@protonmail.ca,RUG03FIM2OO
363,Regina Booker,amet.metus@aol.org,XBB64QCN7XW
364,Felix Cabrera,nascetur.ridiculus.mus@hotmail.ca,VAK87KDM1YJ
365,Alexa Lancaster,eleifend.egestas.sed@google.org,FYR61UKY2XO
366,Chantale Melton,aliquam@yahoo.couk,OFJ24RUA2NY
367,Sage Cherry,interdum.sed@hotmail.com,BDP36JHS8ML
368,Sade Solomon,donec@hotmail.edu,PEK92YZH1LC
369,Carly Casey,nec.luctus@aol.edu,NQG04PNG8TQ
370,Idola Arnold,risus.odio@icloud.edu,TNS47UXF5NE
371,Miriam Welch,pede@aol.couk,IKC35LMP8XD
372,Susan Montoya,ut.quam@google.net,DOP97WDD7KF
373,Reese Garrison,fermentum.convallis@aol.com,YFY52CAT2VO
374,Fuller Mosley,urna.suscipit@google.org,LJY96GYC3EL
375,David Monroe,cum@google.couk,KWT35VLI3QC
376,Jane Peck,lorem.ipsum.dolor@hotmail.com,YUV53WAZ4MS
377,Curran Richard,ipsum.curabitur@google.net,SHE26RPE0UA
378,Adam Wright,curabitur@google.ca,LRE43CSN1KN
379,Francis Freeman,nec.euismod@protonmail.com,IVV17DLJ7PC
380,Clark Ayala,dui.cras@protonmail.com,XXX48QLP5TL
381,Abraham Jordan,libero@outlook.com,SMH65ESQ7CP
382,Gloria Benson,vel.sapien.imperdiet@icloud.com,XCK02AOK4YT
383,Kyra Roy,fusce.aliquet.magna@outlook.couk,PZS24UIK4JT
384,Hedy Deleon,libero.morbi@protonmail.net,VYD29EKF2PA
385,TaShya Valenzuela,vitae.aliquam@protonmail.net,BJF15YAM1RQ
386,Dora Hendricks,justo@protonmail.org,ZOS21GBC8GM
387,Juliet Galloway,sit.amet.consectetuer@outlook.com,DHH93CKI6BY
388,Jenna Greer,a.sollicitudin.orci@hotmail.ca,RDE85GTI9XM
389,Myra Sexton,ridiculus.mus.proin@protonmail.ca,DDP17PCN4MK
390,Sebastian Maldonado,mi.fringilla.mi@aol.edu,SYX25IIN3YG
391,Merrill Herrera,quisque.ornare@aol.ca,MAF26SVY8VT
392,Jelani Wolf,ut.eros.non@icloud.edu,FSV37WUR4YP
393,Melyssa Mcconnell,metus@hotmail.couk,YVQ64DLF5DH
394,Reagan Randall,eu@icloud.couk,QUT48KXE7SQ
395,Kennan Chandler,quisque.ac@hotmail.couk,SPX64BMH2XI
396,Sheila Murphy,dictum@aol.couk,YHU20NIY3VZ
397,Edward Moody,lectus.sit.amet@yahoo.ca,FDM44IUX0PT
398,Plato Ford,erat.semper.rutrum@yahoo.couk,ZIS86DHE4IY
399,Serina Noel,hendrerit.consectetuer@outlook.ca,SGM67GBO1WQ
400,Risa Powers,nullam.nisl.maecenas@outlook.org,BSU32CFX0RA
401,Brady Haynes,sed.id.risus@hotmail.couk,GNE76NBQ2FG
402,Baker Riddle,placerat.velit@outlook.net,LWW38CIN1SZ
403,Lillith Cross,turpis@outlook.couk,IWK42IHT3WW
404,Samuel Sloan,lorem.semper@google.ca,JKT49DSD9QR
405,Griffin Stuart,morbi.vehicula@outlook.org,CSV82XXK1MG
406,Demetria Spears,orci.luctus@hotmail.com,STA21SDD1GK
407,Quinlan Mcclain,duis@protonmail.com,VZD25PDS4YX
408,Ezekiel Everett,vehicula.aliquet.libero@aol.edu,USE44XRE2NB
409,Jade Reilly,ante.nunc.mauris@hotmail.com,CLS27OKE2KW
410,Hollee Norton,nulla@outlook.com,HGS88RVD4VH
411,Ainsley Soto,magna.nam.ligula@aol.net,QHA00QTI1ZR
412,Neil Coleman,at@outlook.ca,IFQ77GNM5YP
413,Kennedy Melendez,sociis.natoque@protonmail.edu,KWR56EGM7VX
414,Rahim Dillard,fusce.dolor@outlook.ca,JMM31NCX1UP
415,Clinton Owen,fermentum@google.org,LWO47RMI4QF
416,Cassady Finch,auctor.nunc@hotmail.edu,SKI67ZEB3UT
417,Meghan Hahn,consequat.lectus.sit@aol.ca,SCX37VPH1SI
418,Damon Dunn,nunc.quis@yahoo.edu,MED04QRF7QJ
419,Curran Fischer,cras.convallis.convallis@protonmail.net,MDL38HTX7ZF
420,Colt Rush,molestie@protonmail.edu,UQW54IUE4SE
421,Selma Harvey,primis.in.faucibus@google.org,XBK52TQK5RK
422,Lee Jensen,aliquet.vel@icloud.edu,EKL06NBI3LK
423,Lara Gordon,amet.massa@yahoo.net,XJI95DSR3SF
424,Drake Doyle,sit.amet@protonmail.couk,PGY79JWM6FU
425,McKenzie Burnett,pharetra.nibh.aliquam@yahoo.edu,IRH13RED4KW
426,Luke Hawkins,dignissim.pharetra@aol.com,OCF37LEQ3BM
427,Teegan Peck,vitae.aliquet@hotmail.com,URQ35PTV2JZ
428,Cally Atkins,tellus.phasellus@google.org,EKF67RNA5VX
429,Wilma Velazquez,duis.mi@icloud.net,PPG03GMF8UL
430,Solomon Rivera,netus.et@protonmail.edu,MMY58UPO5WO
431,Quon Bruce,ante.vivamus@hotmail.couk,NXF79VHF7HH
432,Hyacinth Guthrie,sed@protonmail.net,REJ37HJB0RJ
433,Stuart Lynn,condimentum@hotmail.edu,JKT23USH6RV
434,Matthew Snider,vehicula@hotmail.edu,LHC87EEJ8GP
435,Athena Mckinney,semper.egestas@aol.edu,LTJ69POX4DC
436,Lamar Wood,vel.quam.dignissim@yahoo.ca,QIB12FJP7OI
437,Brett Woods,erat.neque.non@google.edu,OQO36UNU2GF
438,Rebekah Petty,sed.dui.fusce@hotmail.com,DLN18MJF3ID
439,Meghan Carter,lacus.pede.sagittis@icloud.ca,BIO83HSD3FT
440,Lyle Puckett,egestas.lacinia@protonmail.net,KSM71FEA1RS
441,Stone Stevens,lectus.quis@hotmail.edu,FRU85LKX3HK
442,Akeem Hickman,amet.orci@outlook.couk,OUK32LKX6RL
443,Marshall Simmons,nisl.maecenas@icloud.org,ONK77BYP0MW
444,Christian Graham,feugiat.placerat@google.couk,MOO26NJS8JO
445,Willow Dean,et.arcu.imperdiet@aol.org,DKU16ZOC4MB
446,Azalia Stokes,non.lacinia.at@protonmail.ca,DWR65BBH5BB
447,Hayfa Bryan,imperdiet.ullamcorper.duis@icloud.org,XNR09DWH6JX
448,Lenore Fry,nulla.tempor@aol.edu,BQE17NDN1UJ
449,Josiah Workman,libero.proin@protonmail.edu,DFP34YMU8YL
450,Andrew Mclaughlin,mauris.integer@protonmail.net,RQQ54YKI2BX
451,Gavin Gates,ligula@icloud.ca,DIJ60OHI1UD
452,Georgia Moody,eleifend@icloud.net,YMS16LFH5HM
453,Mufutau George,molestie.pharetra.nibh@aol.couk,IEA75XWC4RE
454,Briar Pierce,ornare.in@google.couk,PKC25YLT6UB
455,Lydia Higgins,et@aol.net,OLE66WRD6PB
456,Hadley Stone,dui.in.sodales@protonmail.org,KVK74SIK6NX
457,Scott Myers,vivamus@protonmail.edu,NSG78GYE8OY
458,Inga Walton,nisi@hotmail.ca,LPJ59HDV9YL
459,Patricia Travis,ac@yahoo.ca,FIY21CYX3CX
460,Vivian Dickerson,sed@yahoo.com,LXN62WBT4RV
461,Joan Long,placerat.orci.lacus@icloud.edu,PCK70WFR3NF
462,Porter Brock,nonummy@hotmail.ca,JXD35GHD9TM
463,Kirk Keith,ipsum.cursus@yahoo.org,MLX82QAT7LC
464,Halee Byers,orci.lobortis@icloud.ca,KKG21DQY0TU
465,Hamilton Porter,erat.vivamus@google.ca,EUM51NEK4YT
466,Francis Evans,a@icloud.org,FIW12QIS3VF
467,Dalton Sharp,sed.orci@yahoo.ca,NUO45DXM7OW
468,Amela Moon,ornare.lectus@protonmail.net,GYO65BYI1GJ
469,Timon Rosa,sed.pede@google.couk,KQS54NES1CS
470,Evelyn Pope,a.magna@google.org,YWX41CQY2GT
471,Connor Beach,aliquam.eu@hotmail.couk,XSM37KQH0JO
472,Florence Weber,nibh@icloud.org,AWB54FLC7XW
473,Lane Tran,a@outlook.couk,RYW16WKL3UA
474,Tiger Joyner,odio.nam.interdum@hotmail.ca,UGO68POF8VL
475,Maggie Maldonado,lectus.ante@aol.edu,LVF95STL3YN
476,Reese Swanson,interdum@icloud.net,JUC85PUJ1TQ
477,Evan Marsh,libero.at@aol.edu,KFV21SYR2SV
478,Jillian Britt,ridiculus@protonmail.org,GCS83GFS2CM
479,Kelsie Foster,urna@google.net,WZO96UHE3KJ
480,Cullen Ware,molestie.pharetra@google.ca,GTW67WPX8PK
481,Colorado Peck,ligula.donec@aol.couk,NIM86CQT4NZ
482,Danielle Koch,malesuada@protonmail.com,KBQ36RUW7TU
483,Hunter Meyer,odio.aliquam@aol.net,RQN78ZNH9KS
484,Leah Brewer,sed.nec@outlook.org,KXP74ULN1YG
485,Lamar Martinez,cum@icloud.couk,IHD76CNP3VF
486,Nathan Gay,sed.diam@google.org,JBE89WRC4UY
487,Prescott Peters,amet.ante@icloud.com,FJN45TPI7SX
488,Doris Stone,donec.sollicitudin@yahoo.org,EKN52VLB1DU
489,Jeanette Fields,sociis.natoque.penatibus@hotmail.net,LTO77EHX3VP
490,Ahmed Gould,ac.mattis@aol.com,SGJ49NVZ3ZZ
491,Azalia Burgess,aliquam.adipiscing@google.ca,KKD67ELP4RT
492,Axel Stevens,dictum.ultricies@yahoo.edu,PQQ38DQT7FD
493,Jamalia Joyce,placerat.velit.quisque@icloud.couk,ETB24OTW2JG
494,Quamar Perez,ac@icloud.com,SOK85MDY5FV
495,Rhiannon Rutledge,eget.varius@aol.edu,XNP77GRQ4ZZ
496,Lillian Valencia,tempus.risus.donec@yahoo.edu,PTG53CMJ5YH
497,Courtney Farley,lorem.ipsum.dolor@outlook.org,QXY85RTU1AI
498,Veronica Alvarez,in.consectetuer@icloud.net,RPQ38ETB4YW
499,Dale Dudley,amet.diam@hotmail.org,GQY37JVN6LO
500,Cullen Stuart,bibendum.donec@google.com,MZZ64LCX1OW
